........................................................................ [ 17%]
........................................................................ [ 34%]
........................................................................ [ 51%]
........................................................................ [ 69%]
........................................................................ [ 86%]
...........EEEEEEEEEEEEEEEEEEEEEEE......................                 [100%]
=================================== ERRORS ====================================
_ ERROR at setup of test_crystal_and_json_preserve_distinct_member_orders[False] _
.venv_new\Lib\site-packages\_pytest\runner.py:361: in from_call
    result: TResult | None = func()
                             ^^^^^^
.venv_new\Lib\site-packages\_pytest\runner.py:250: in <lambda>
    lambda: runtest_hook(item=item, **kwds),
            ^^^^^^^^^^^^^^^^^^^^^^^^^^^^^^^
.venv_new\Lib\site-packages\pluggy\_hooks.py:512: in __call__
    return self._hookexec(self.name, self._hookimpls.copy(), kwargs, firstresult)
           ^^^^^^^^^^^^^^^^^^^^^^^^^^^^^^^^^^^^^^^^^^^^^^^^^^^^^^^^^^^^^^^^^^^^^^
.venv_new\Lib\site-packages\pluggy\_manager.py:120: in _hookexec
    return self._inner_hookexec(hook_name, methods, kwargs, firstresult)
           ^^^^^^^^^^^^^^^^^^^^^^^^^^^^^^^^^^^^^^^^^^^^^^^^^^^^^^^^^^^^^
.venv_new\Lib\site-packages\_pytest\logging.py:858: in pytest_runtest_setup
    yield
.venv_new\Lib\site-packages\_pytest\capture.py:895: in pytest_runtest_setup
    return (yield)
            ^^^^^
.venv_new\Lib\site-packages\_pytest\runner.py:170: in pytest_runtest_setup
    item.session._setupstate.setup(item)
.venv_new\Lib\site-packages\_pytest\runner.py:536: in setup
    col.setup()
.venv_new\Lib\site-packages\_pytest\python.py:1710: in setup
    self._request._fillfixtures()
.venv_new\Lib\site-packages\_pytest\fixtures.py:806: in _fillfixtures
    item.funcargs[argname] = self.getfixturevalue(argname)
                             ^^^^^^^^^^^^^^^^^^^^^^^^^^^^^
.venv_new\Lib\site-packages\_pytest\fixtures.py:630: in getfixturevalue
    fixturedef = self._get_active_fixturedef(argname)
                 ^^^^^^^^^^^^^^^^^^^^^^^^^^^^^^^^^^^^
.venv_new\Lib\site-packages\_pytest\fixtures.py:726: in _get_active_fixturedef
    fixturedef.execute(request=subrequest)
.venv_new\Lib\site-packages\_pytest\fixtures.py:1181: in execute
    fixturedef = request._get_active_fixturedef(argname)
                 ^^^^^^^^^^^^^^^^^^^^^^^^^^^^^^^^^^^^^^^
.venv_new\Lib\site-packages\_pytest\fixtures.py:726: in _get_active_fixturedef
    fixturedef.execute(request=subrequest)
.venv_new\Lib\site-packages\_pytest\fixtures.py:1232: in execute
    result: FixtureValue = ihook.pytest_fixture_setup(
.venv_new\Lib\site-packages\pluggy\_hooks.py:512: in __call__
    return self._hookexec(self.name, self._hookimpls.copy(), kwargs, firstresult)
           ^^^^^^^^^^^^^^^^^^^^^^^^^^^^^^^^^^^^^^^^^^^^^^^^^^^^^^^^^^^^^^^^^^^^^^
.venv_new\Lib\site-packages\pluggy\_manager.py:120: in _hookexec
    return self._inner_hookexec(hook_name, methods, kwargs, firstresult)
           ^^^^^^^^^^^^^^^^^^^^^^^^^^^^^^^^^^^^^^^^^^^^^^^^^^^^^^^^^^^^^
.venv_new\Lib\site-packages\_pytest\setuponly.py:36: in pytest_fixture_setup
    return (yield)
            ^^^^^
.venv_new\Lib\site-packages\_pytest\fixtures.py:1328: in pytest_fixture_setup
    result = call_fixture_func(fixturefunc, request, kwargs)
             ^^^^^^^^^^^^^^^^^^^^^^^^^^^^^^^^^^^^^^^^^^^^^^^
.venv_new\Lib\site-packages\_pytest\fixtures.py:998: in call_fixture_func
    fixture_result = next(generator)
                     ^^^^^^^^^^^^^^^
.venv_new\Lib\site-packages\_pytest\tmpdir.py:300: in tmp_path
    path = _mk_tmp(request, tmp_path_factory)
           ^^^^^^^^^^^^^^^^^^^^^^^^^^^^^^^^^^
.venv_new\Lib\site-packages\_pytest\tmpdir.py:287: in _mk_tmp
    return factory.mktemp(name, numbered=True)
           ^^^^^^^^^^^^^^^^^^^^^^^^^^^^^^^^^^^
.venv_new\Lib\site-packages\_pytest\tmpdir.py:136: in mktemp
    basename = self._ensure_relative_to_basetemp(basename)
               ^^^^^^^^^^^^^^^^^^^^^^^^^^^^^^^^^^^^^^^^^^^
.venv_new\Lib\site-packages\_pytest\tmpdir.py:117: in _ensure_relative_to_basetemp
    if (self.getbasetemp() / basename).resolve().parent != self.getbasetemp():
        ^^^^^^^^^^^^^^^^^^
.venv_new\Lib\site-packages\_pytest\tmpdir.py:213: in getbasetemp
    basetemp = make_numbered_dir_with_cleanup(
.venv_new\Lib\site-packages\_pytest\pathlib.py:420: in make_numbered_dir_with_cleanup
    raise e
.venv_new\Lib\site-packages\_pytest\pathlib.py:401: in make_numbered_dir_with_cleanup
    p = make_numbered_dir(root, prefix, mode)
        ^^^^^^^^^^^^^^^^^^^^^^^^^^^^^^^^^^^^^
.venv_new\Lib\site-packages\_pytest\pathlib.py:228: in make_numbered_dir
    max_existing = max(map(parse_num, find_suffixes(root, prefix)), default=-1)
                   ^^^^^^^^^^^^^^^^^^^^^^^^^^^^^^^^^^^^^^^^^^^^^^^^^^^^^^^^^^^^
.venv_new\Lib\site-packages\_pytest\pathlib.py:187: in extract_suffixes
    for entry in iter:
                 ^^^^
.venv_new\Lib\site-packages\_pytest\pathlib.py:175: in find_prefixed
    for x in os.scandir(root):
             ^^^^^^^^^^^^^^^^
E   PermissionError: [WinError 5] Access is denied: 'C:\\Users\\Mark\\AppData\\Local\\Temp\\pytest-of-Mark'
_ ERROR at setup of test_crystal_and_json_preserve_distinct_member_orders[True] _
.venv_new\Lib\site-packages\_pytest\runner.py:361: in from_call
    result: TResult | None = func()
                             ^^^^^^
.venv_new\Lib\site-packages\_pytest\runner.py:250: in <lambda>
    lambda: runtest_hook(item=item, **kwds),
            ^^^^^^^^^^^^^^^^^^^^^^^^^^^^^^^
.venv_new\Lib\site-packages\pluggy\_hooks.py:512: in __call__
    return self._hookexec(self.name, self._hookimpls.copy(), kwargs, firstresult)
           ^^^^^^^^^^^^^^^^^^^^^^^^^^^^^^^^^^^^^^^^^^^^^^^^^^^^^^^^^^^^^^^^^^^^^^
.venv_new\Lib\site-packages\pluggy\_manager.py:120: in _hookexec
    return self._inner_hookexec(hook_name, methods, kwargs, firstresult)
           ^^^^^^^^^^^^^^^^^^^^^^^^^^^^^^^^^^^^^^^^^^^^^^^^^^^^^^^^^^^^^
.venv_new\Lib\site-packages\_pytest\logging.py:858: in pytest_runtest_setup
    yield
.venv_new\Lib\site-packages\_pytest\capture.py:895: in pytest_runtest_setup
    return (yield)
            ^^^^^
.venv_new\Lib\site-packages\_pytest\runner.py:170: in pytest_runtest_setup
    item.session._setupstate.setup(item)
.venv_new\Lib\site-packages\_pytest\runner.py:536: in setup
    col.setup()
.venv_new\Lib\site-packages\_pytest\python.py:1710: in setup
    self._request._fillfixtures()
.venv_new\Lib\site-packages\_pytest\fixtures.py:806: in _fillfixtures
    item.funcargs[argname] = self.getfixturevalue(argname)
                             ^^^^^^^^^^^^^^^^^^^^^^^^^^^^^
.venv_new\Lib\site-packages\_pytest\fixtures.py:630: in getfixturevalue
    fixturedef = self._get_active_fixturedef(argname)
                 ^^^^^^^^^^^^^^^^^^^^^^^^^^^^^^^^^^^^
.venv_new\Lib\site-packages\_pytest\fixtures.py:726: in _get_active_fixturedef
    fixturedef.execute(request=subrequest)
.venv_new\Lib\site-packages\_pytest\fixtures.py:1181: in execute
    fixturedef = request._get_active_fixturedef(argname)
                 ^^^^^^^^^^^^^^^^^^^^^^^^^^^^^^^^^^^^^^^
.venv_new\Lib\site-packages\_pytest\fixtures.py:726: in _get_active_fixturedef
    fixturedef.execute(request=subrequest)
.venv_new\Lib\site-packages\_pytest\fixtures.py:1232: in execute
    result: FixtureValue = ihook.pytest_fixture_setup(
.venv_new\Lib\site-packages\pluggy\_hooks.py:512: in __call__
    return self._hookexec(self.name, self._hookimpls.copy(), kwargs, firstresult)
           ^^^^^^^^^^^^^^^^^^^^^^^^^^^^^^^^^^^^^^^^^^^^^^^^^^^^^^^^^^^^^^^^^^^^^^
.venv_new\Lib\site-packages\pluggy\_manager.py:120: in _hookexec
    return self._inner_hookexec(hook_name, methods, kwargs, firstresult)
           ^^^^^^^^^^^^^^^^^^^^^^^^^^^^^^^^^^^^^^^^^^^^^^^^^^^^^^^^^^^^^
.venv_new\Lib\site-packages\_pytest\setuponly.py:36: in pytest_fixture_setup
    return (yield)
            ^^^^^
.venv_new\Lib\site-packages\_pytest\fixtures.py:1328: in pytest_fixture_setup
    result = call_fixture_func(fixturefunc, request, kwargs)
             ^^^^^^^^^^^^^^^^^^^^^^^^^^^^^^^^^^^^^^^^^^^^^^^
.venv_new\Lib\site-packages\_pytest\fixtures.py:998: in call_fixture_func
    fixture_result = next(generator)
                     ^^^^^^^^^^^^^^^
.venv_new\Lib\site-packages\_pytest\tmpdir.py:300: in tmp_path
    path = _mk_tmp(request, tmp_path_factory)
           ^^^^^^^^^^^^^^^^^^^^^^^^^^^^^^^^^^
.venv_new\Lib\site-packages\_pytest\tmpdir.py:287: in _mk_tmp
    return factory.mktemp(name, numbered=True)
           ^^^^^^^^^^^^^^^^^^^^^^^^^^^^^^^^^^^
.venv_new\Lib\site-packages\_pytest\tmpdir.py:136: in mktemp
    basename = self._ensure_relative_to_basetemp(basename)
               ^^^^^^^^^^^^^^^^^^^^^^^^^^^^^^^^^^^^^^^^^^^
.venv_new\Lib\site-packages\_pytest\tmpdir.py:117: in _ensure_relative_to_basetemp
    if (self.getbasetemp() / basename).resolve().parent != self.getbasetemp():
        ^^^^^^^^^^^^^^^^^^
.venv_new\Lib\site-packages\_pytest\tmpdir.py:213: in getbasetemp
    basetemp = make_numbered_dir_with_cleanup(
.venv_new\Lib\site-packages\_pytest\pathlib.py:420: in make_numbered_dir_with_cleanup
    raise e
.venv_new\Lib\site-packages\_pytest\pathlib.py:401: in make_numbered_dir_with_cleanup
    p = make_numbered_dir(root, prefix, mode)
        ^^^^^^^^^^^^^^^^^^^^^^^^^^^^^^^^^^^^^
.venv_new\Lib\site-packages\_pytest\pathlib.py:228: in make_numbered_dir
    max_existing = max(map(parse_num, find_suffixes(root, prefix)), default=-1)
                   ^^^^^^^^^^^^^^^^^^^^^^^^^^^^^^^^^^^^^^^^^^^^^^^^^^^^^^^^^^^^
.venv_new\Lib\site-packages\_pytest\pathlib.py:187: in extract_suffixes
    for entry in iter:
                 ^^^^
.venv_new\Lib\site-packages\_pytest\pathlib.py:175: in find_prefixed
    for x in os.scandir(root):
             ^^^^^^^^^^^^^^^^
E   PermissionError: [WinError 5] Access is denied: 'C:\\Users\\Mark\\AppData\\Local\\Temp\\pytest-of-Mark'
_ ERROR at setup of test_cached_restore_preserves_order_and_actual_cleanup[False-False] _
.venv_new\Lib\site-packages\_pytest\runner.py:361: in from_call
    result: TResult | None = func()
                             ^^^^^^
.venv_new\Lib\site-packages\_pytest\runner.py:250: in <lambda>
    lambda: runtest_hook(item=item, **kwds),
            ^^^^^^^^^^^^^^^^^^^^^^^^^^^^^^^
.venv_new\Lib\site-packages\pluggy\_hooks.py:512: in __call__
    return self._hookexec(self.name, self._hookimpls.copy(), kwargs, firstresult)
           ^^^^^^^^^^^^^^^^^^^^^^^^^^^^^^^^^^^^^^^^^^^^^^^^^^^^^^^^^^^^^^^^^^^^^^
.venv_new\Lib\site-packages\pluggy\_manager.py:120: in _hookexec
    return self._inner_hookexec(hook_name, methods, kwargs, firstresult)
           ^^^^^^^^^^^^^^^^^^^^^^^^^^^^^^^^^^^^^^^^^^^^^^^^^^^^^^^^^^^^^
.venv_new\Lib\site-packages\_pytest\logging.py:858: in pytest_runtest_setup
    yield
.venv_new\Lib\site-packages\_pytest\capture.py:895: in pytest_runtest_setup
    return (yield)
            ^^^^^
.venv_new\Lib\site-packages\_pytest\runner.py:170: in pytest_runtest_setup
    item.session._setupstate.setup(item)
.venv_new\Lib\site-packages\_pytest\runner.py:536: in setup
    col.setup()
.venv_new\Lib\site-packages\_pytest\python.py:1710: in setup
    self._request._fillfixtures()
.venv_new\Lib\site-packages\_pytest\fixtures.py:806: in _fillfixtures
    item.funcargs[argname] = self.getfixturevalue(argname)
                             ^^^^^^^^^^^^^^^^^^^^^^^^^^^^^
.venv_new\Lib\site-packages\_pytest\fixtures.py:630: in getfixturevalue
    fixturedef = self._get_active_fixturedef(argname)
                 ^^^^^^^^^^^^^^^^^^^^^^^^^^^^^^^^^^^^
.venv_new\Lib\site-packages\_pytest\fixtures.py:726: in _get_active_fixturedef
    fixturedef.execute(request=subrequest)
.venv_new\Lib\site-packages\_pytest\fixtures.py:1181: in execute
    fixturedef = request._get_active_fixturedef(argname)
                 ^^^^^^^^^^^^^^^^^^^^^^^^^^^^^^^^^^^^^^^
.venv_new\Lib\site-packages\_pytest\fixtures.py:726: in _get_active_fixturedef
    fixturedef.execute(request=subrequest)
.venv_new\Lib\site-packages\_pytest\fixtures.py:1232: in execute
    result: FixtureValue = ihook.pytest_fixture_setup(
.venv_new\Lib\site-packages\pluggy\_hooks.py:512: in __call__
    return self._hookexec(self.name, self._hookimpls.copy(), kwargs, firstresult)
           ^^^^^^^^^^^^^^^^^^^^^^^^^^^^^^^^^^^^^^^^^^^^^^^^^^^^^^^^^^^^^^^^^^^^^^
.venv_new\Lib\site-packages\pluggy\_manager.py:120: in _hookexec
    return self._inner_hookexec(hook_name, methods, kwargs, firstresult)
           ^^^^^^^^^^^^^^^^^^^^^^^^^^^^^^^^^^^^^^^^^^^^^^^^^^^^^^^^^^^^^
.venv_new\Lib\site-packages\_pytest\setuponly.py:36: in pytest_fixture_setup
    return (yield)
            ^^^^^
.venv_new\Lib\site-packages\_pytest\fixtures.py:1328: in pytest_fixture_setup
    result = call_fixture_func(fixturefunc, request, kwargs)
             ^^^^^^^^^^^^^^^^^^^^^^^^^^^^^^^^^^^^^^^^^^^^^^^
.venv_new\Lib\site-packages\_pytest\fixtures.py:998: in call_fixture_func
    fixture_result = next(generator)
                     ^^^^^^^^^^^^^^^
.venv_new\Lib\site-packages\_pytest\tmpdir.py:300: in tmp_path
    path = _mk_tmp(request, tmp_path_factory)
           ^^^^^^^^^^^^^^^^^^^^^^^^^^^^^^^^^^
.venv_new\Lib\site-packages\_pytest\tmpdir.py:287: in _mk_tmp
    return factory.mktemp(name, numbered=True)
           ^^^^^^^^^^^^^^^^^^^^^^^^^^^^^^^^^^^
.venv_new\Lib\site-packages\_pytest\tmpdir.py:136: in mktemp
    basename = self._ensure_relative_to_basetemp(basename)
               ^^^^^^^^^^^^^^^^^^^^^^^^^^^^^^^^^^^^^^^^^^^
.venv_new\Lib\site-packages\_pytest\tmpdir.py:117: in _ensure_relative_to_basetemp
    if (self.getbasetemp() / basename).resolve().parent != self.getbasetemp():
        ^^^^^^^^^^^^^^^^^^
.venv_new\Lib\site-packages\_pytest\tmpdir.py:213: in getbasetemp
    basetemp = make_numbered_dir_with_cleanup(
.venv_new\Lib\site-packages\_pytest\pathlib.py:420: in make_numbered_dir_with_cleanup
    raise e
.venv_new\Lib\site-packages\_pytest\pathlib.py:401: in make_numbered_dir_with_cleanup
    p = make_numbered_dir(root, prefix, mode)
        ^^^^^^^^^^^^^^^^^^^^^^^^^^^^^^^^^^^^^
.venv_new\Lib\site-packages\_pytest\pathlib.py:228: in make_numbered_dir
    max_existing = max(map(parse_num, find_suffixes(root, prefix)), default=-1)
                   ^^^^^^^^^^^^^^^^^^^^^^^^^^^^^^^^^^^^^^^^^^^^^^^^^^^^^^^^^^^^
.venv_new\Lib\site-packages\_pytest\pathlib.py:187: in extract_suffixes
    for entry in iter:
                 ^^^^
.venv_new\Lib\site-packages\_pytest\pathlib.py:175: in find_prefixed
    for x in os.scandir(root):
             ^^^^^^^^^^^^^^^^
E   PermissionError: [WinError 5] Access is denied: 'C:\\Users\\Mark\\AppData\\Local\\Temp\\pytest-of-Mark'
_ ERROR at setup of test_cached_restore_preserves_order_and_actual_cleanup[False-True] _
.venv_new\Lib\site-packages\_pytest\runner.py:361: in from_call
    result: TResult | None = func()
                             ^^^^^^
.venv_new\Lib\site-packages\_pytest\runner.py:250: in <lambda>
    lambda: runtest_hook(item=item, **kwds),
            ^^^^^^^^^^^^^^^^^^^^^^^^^^^^^^^
.venv_new\Lib\site-packages\pluggy\_hooks.py:512: in __call__
    return self._hookexec(self.name, self._hookimpls.copy(), kwargs, firstresult)
           ^^^^^^^^^^^^^^^^^^^^^^^^^^^^^^^^^^^^^^^^^^^^^^^^^^^^^^^^^^^^^^^^^^^^^^
.venv_new\Lib\site-packages\pluggy\_manager.py:120: in _hookexec
    return self._inner_hookexec(hook_name, methods, kwargs, firstresult)
           ^^^^^^^^^^^^^^^^^^^^^^^^^^^^^^^^^^^^^^^^^^^^^^^^^^^^^^^^^^^^^
.venv_new\Lib\site-packages\_pytest\logging.py:858: in pytest_runtest_setup
    yield
.venv_new\Lib\site-packages\_pytest\capture.py:895: in pytest_runtest_setup
    return (yield)
            ^^^^^
.venv_new\Lib\site-packages\_pytest\runner.py:170: in pytest_runtest_setup
    item.session._setupstate.setup(item)
.venv_new\Lib\site-packages\_pytest\runner.py:536: in setup
    col.setup()
.venv_new\Lib\site-packages\_pytest\python.py:1710: in setup
    self._request._fillfixtures()
.venv_new\Lib\site-packages\_pytest\fixtures.py:806: in _fillfixtures
    item.funcargs[argname] = self.getfixturevalue(argname)
                             ^^^^^^^^^^^^^^^^^^^^^^^^^^^^^
.venv_new\Lib\site-packages\_pytest\fixtures.py:630: in getfixturevalue
    fixturedef = self._get_active_fixturedef(argname)
                 ^^^^^^^^^^^^^^^^^^^^^^^^^^^^^^^^^^^^
.venv_new\Lib\site-packages\_pytest\fixtures.py:726: in _get_active_fixturedef
    fixturedef.execute(request=subrequest)
.venv_new\Lib\site-packages\_pytest\fixtures.py:1181: in execute
    fixturedef = request._get_active_fixturedef(argname)
                 ^^^^^^^^^^^^^^^^^^^^^^^^^^^^^^^^^^^^^^^
.venv_new\Lib\site-packages\_pytest\fixtures.py:726: in _get_active_fixturedef
    fixturedef.execute(request=subrequest)
.venv_new\Lib\site-packages\_pytest\fixtures.py:1232: in execute
    result: FixtureValue = ihook.pytest_fixture_setup(
.venv_new\Lib\site-packages\pluggy\_hooks.py:512: in __call__
    return self._hookexec(self.name, self._hookimpls.copy(), kwargs, firstresult)
           ^^^^^^^^^^^^^^^^^^^^^^^^^^^^^^^^^^^^^^^^^^^^^^^^^^^^^^^^^^^^^^^^^^^^^^
.venv_new\Lib\site-packages\pluggy\_manager.py:120: in _hookexec
    return self._inner_hookexec(hook_name, methods, kwargs, firstresult)
           ^^^^^^^^^^^^^^^^^^^^^^^^^^^^^^^^^^^^^^^^^^^^^^^^^^^^^^^^^^^^^
.venv_new\Lib\site-packages\_pytest\setuponly.py:36: in pytest_fixture_setup
    return (yield)
            ^^^^^
.venv_new\Lib\site-packages\_pytest\fixtures.py:1328: in pytest_fixture_setup
    result = call_fixture_func(fixturefunc, request, kwargs)
             ^^^^^^^^^^^^^^^^^^^^^^^^^^^^^^^^^^^^^^^^^^^^^^^
.venv_new\Lib\site-packages\_pytest\fixtures.py:998: in call_fixture_func
    fixture_result = next(generator)
                     ^^^^^^^^^^^^^^^
.venv_new\Lib\site-packages\_pytest\tmpdir.py:300: in tmp_path
    path = _mk_tmp(request, tmp_path_factory)
           ^^^^^^^^^^^^^^^^^^^^^^^^^^^^^^^^^^
.venv_new\Lib\site-packages\_pytest\tmpdir.py:287: in _mk_tmp
    return factory.mktemp(name, numbered=True)
           ^^^^^^^^^^^^^^^^^^^^^^^^^^^^^^^^^^^
.venv_new\Lib\site-packages\_pytest\tmpdir.py:136: in mktemp
    basename = self._ensure_relative_to_basetemp(basename)
               ^^^^^^^^^^^^^^^^^^^^^^^^^^^^^^^^^^^^^^^^^^^
.venv_new\Lib\site-packages\_pytest\tmpdir.py:117: in _ensure_relative_to_basetemp
    if (self.getbasetemp() / basename).resolve().parent != self.getbasetemp():
        ^^^^^^^^^^^^^^^^^^
.venv_new\Lib\site-packages\_pytest\tmpdir.py:213: in getbasetemp
    basetemp = make_numbered_dir_with_cleanup(
.venv_new\Lib\site-packages\_pytest\pathlib.py:420: in make_numbered_dir_with_cleanup
    raise e
.venv_new\Lib\site-packages\_pytest\pathlib.py:401: in make_numbered_dir_with_cleanup
    p = make_numbered_dir(root, prefix, mode)
        ^^^^^^^^^^^^^^^^^^^^^^^^^^^^^^^^^^^^^
.venv_new\Lib\site-packages\_pytest\pathlib.py:228: in make_numbered_dir
    max_existing = max(map(parse_num, find_suffixes(root, prefix)), default=-1)
                   ^^^^^^^^^^^^^^^^^^^^^^^^^^^^^^^^^^^^^^^^^^^^^^^^^^^^^^^^^^^^
.venv_new\Lib\site-packages\_pytest\pathlib.py:187: in extract_suffixes
    for entry in iter:
                 ^^^^
.venv_new\Lib\site-packages\_pytest\pathlib.py:175: in find_prefixed
    for x in os.scandir(root):
             ^^^^^^^^^^^^^^^^
E   PermissionError: [WinError 5] Access is denied: 'C:\\Users\\Mark\\AppData\\Local\\Temp\\pytest-of-Mark'
_ ERROR at setup of test_cached_restore_preserves_order_and_actual_cleanup[True-False] _
.venv_new\Lib\site-packages\_pytest\runner.py:361: in from_call
    result: TResult | None = func()
                             ^^^^^^
.venv_new\Lib\site-packages\_pytest\runner.py:250: in <lambda>
    lambda: runtest_hook(item=item, **kwds),
            ^^^^^^^^^^^^^^^^^^^^^^^^^^^^^^^
.venv_new\Lib\site-packages\pluggy\_hooks.py:512: in __call__
    return self._hookexec(self.name, self._hookimpls.copy(), kwargs, firstresult)
           ^^^^^^^^^^^^^^^^^^^^^^^^^^^^^^^^^^^^^^^^^^^^^^^^^^^^^^^^^^^^^^^^^^^^^^
.venv_new\Lib\site-packages\pluggy\_manager.py:120: in _hookexec
    return self._inner_hookexec(hook_name, methods, kwargs, firstresult)
           ^^^^^^^^^^^^^^^^^^^^^^^^^^^^^^^^^^^^^^^^^^^^^^^^^^^^^^^^^^^^^
.venv_new\Lib\site-packages\_pytest\logging.py:858: in pytest_runtest_setup
    yield
.venv_new\Lib\site-packages\_pytest\capture.py:895: in pytest_runtest_setup
    return (yield)
            ^^^^^
.venv_new\Lib\site-packages\_pytest\runner.py:170: in pytest_runtest_setup
    item.session._setupstate.setup(item)
.venv_new\Lib\site-packages\_pytest\runner.py:536: in setup
    col.setup()
.venv_new\Lib\site-packages\_pytest\python.py:1710: in setup
    self._request._fillfixtures()
.venv_new\Lib\site-packages\_pytest\fixtures.py:806: in _fillfixtures
    item.funcargs[argname] = self.getfixturevalue(argname)
                             ^^^^^^^^^^^^^^^^^^^^^^^^^^^^^
.venv_new\Lib\site-packages\_pytest\fixtures.py:630: in getfixturevalue
    fixturedef = self._get_active_fixturedef(argname)
                 ^^^^^^^^^^^^^^^^^^^^^^^^^^^^^^^^^^^^
.venv_new\Lib\site-packages\_pytest\fixtures.py:726: in _get_active_fixturedef
    fixturedef.execute(request=subrequest)
.venv_new\Lib\site-packages\_pytest\fixtures.py:1181: in execute
    fixturedef = request._get_active_fixturedef(argname)
                 ^^^^^^^^^^^^^^^^^^^^^^^^^^^^^^^^^^^^^^^
.venv_new\Lib\site-packages\_pytest\fixtures.py:726: in _get_active_fixturedef
    fixturedef.execute(request=subrequest)
.venv_new\Lib\site-packages\_pytest\fixtures.py:1232: in execute
    result: FixtureValue = ihook.pytest_fixture_setup(
.venv_new\Lib\site-packages\pluggy\_hooks.py:512: in __call__
    return self._hookexec(self.name, self._hookimpls.copy(), kwargs, firstresult)
           ^^^^^^^^^^^^^^^^^^^^^^^^^^^^^^^^^^^^^^^^^^^^^^^^^^^^^^^^^^^^^^^^^^^^^^
.venv_new\Lib\site-packages\pluggy\_manager.py:120: in _hookexec
    return self._inner_hookexec(hook_name, methods, kwargs, firstresult)
           ^^^^^^^^^^^^^^^^^^^^^^^^^^^^^^^^^^^^^^^^^^^^^^^^^^^^^^^^^^^^^
.venv_new\Lib\site-packages\_pytest\setuponly.py:36: in pytest_fixture_setup
    return (yield)
            ^^^^^
.venv_new\Lib\site-packages\_pytest\fixtures.py:1328: in pytest_fixture_setup
    result = call_fixture_func(fixturefunc, request, kwargs)
             ^^^^^^^^^^^^^^^^^^^^^^^^^^^^^^^^^^^^^^^^^^^^^^^
.venv_new\Lib\site-packages\_pytest\fixtures.py:998: in call_fixture_func
    fixture_result = next(generator)
                     ^^^^^^^^^^^^^^^
.venv_new\Lib\site-packages\_pytest\tmpdir.py:300: in tmp_path
    path = _mk_tmp(request, tmp_path_factory)
           ^^^^^^^^^^^^^^^^^^^^^^^^^^^^^^^^^^
.venv_new\Lib\site-packages\_pytest\tmpdir.py:287: in _mk_tmp
    return factory.mktemp(name, numbered=True)
           ^^^^^^^^^^^^^^^^^^^^^^^^^^^^^^^^^^^
.venv_new\Lib\site-packages\_pytest\tmpdir.py:136: in mktemp
    basename = self._ensure_relative_to_basetemp(basename)
               ^^^^^^^^^^^^^^^^^^^^^^^^^^^^^^^^^^^^^^^^^^^
.venv_new\Lib\site-packages\_pytest\tmpdir.py:117: in _ensure_relative_to_basetemp
    if (self.getbasetemp() / basename).resolve().parent != self.getbasetemp():
        ^^^^^^^^^^^^^^^^^^
.venv_new\Lib\site-packages\_pytest\tmpdir.py:213: in getbasetemp
    basetemp = make_numbered_dir_with_cleanup(
.venv_new\Lib\site-packages\_pytest\pathlib.py:420: in make_numbered_dir_with_cleanup
    raise e
.venv_new\Lib\site-packages\_pytest\pathlib.py:401: in make_numbered_dir_with_cleanup
    p = make_numbered_dir(root, prefix, mode)
        ^^^^^^^^^^^^^^^^^^^^^^^^^^^^^^^^^^^^^
.venv_new\Lib\site-packages\_pytest\pathlib.py:228: in make_numbered_dir
    max_existing = max(map(parse_num, find_suffixes(root, prefix)), default=-1)
                   ^^^^^^^^^^^^^^^^^^^^^^^^^^^^^^^^^^^^^^^^^^^^^^^^^^^^^^^^^^^^
.venv_new\Lib\site-packages\_pytest\pathlib.py:187: in extract_suffixes
    for entry in iter:
                 ^^^^
.venv_new\Lib\site-packages\_pytest\pathlib.py:175: in find_prefixed
    for x in os.scandir(root):
             ^^^^^^^^^^^^^^^^
E   PermissionError: [WinError 5] Access is denied: 'C:\\Users\\Mark\\AppData\\Local\\Temp\\pytest-of-Mark'
_ ERROR at setup of test_cached_restore_preserves_order_and_actual_cleanup[True-True] _
.venv_new\Lib\site-packages\_pytest\runner.py:361: in from_call
    result: TResult | None = func()
                             ^^^^^^
.venv_new\Lib\site-packages\_pytest\runner.py:250: in <lambda>
    lambda: runtest_hook(item=item, **kwds),
            ^^^^^^^^^^^^^^^^^^^^^^^^^^^^^^^
.venv_new\Lib\site-packages\pluggy\_hooks.py:512: in __call__
    return self._hookexec(self.name, self._hookimpls.copy(), kwargs, firstresult)
           ^^^^^^^^^^^^^^^^^^^^^^^^^^^^^^^^^^^^^^^^^^^^^^^^^^^^^^^^^^^^^^^^^^^^^^
.venv_new\Lib\site-packages\pluggy\_manager.py:120: in _hookexec
    return self._inner_hookexec(hook_name, methods, kwargs, firstresult)
           ^^^^^^^^^^^^^^^^^^^^^^^^^^^^^^^^^^^^^^^^^^^^^^^^^^^^^^^^^^^^^
.venv_new\Lib\site-packages\_pytest\logging.py:858: in pytest_runtest_setup
    yield
.venv_new\Lib\site-packages\_pytest\capture.py:895: in pytest_runtest_setup
    return (yield)
            ^^^^^
.venv_new\Lib\site-packages\_pytest\runner.py:170: in pytest_runtest_setup
    item.session._setupstate.setup(item)
.venv_new\Lib\site-packages\_pytest\runner.py:536: in setup
    col.setup()
.venv_new\Lib\site-packages\_pytest\python.py:1710: in setup
    self._request._fillfixtures()
.venv_new\Lib\site-packages\_pytest\fixtures.py:806: in _fillfixtures
    item.funcargs[argname] = self.getfixturevalue(argname)
                             ^^^^^^^^^^^^^^^^^^^^^^^^^^^^^
.venv_new\Lib\site-packages\_pytest\fixtures.py:630: in getfixturevalue
    fixturedef = self._get_active_fixturedef(argname)
                 ^^^^^^^^^^^^^^^^^^^^^^^^^^^^^^^^^^^^
.venv_new\Lib\site-packages\_pytest\fixtures.py:726: in _get_active_fixturedef
    fixturedef.execute(request=subrequest)
.venv_new\Lib\site-packages\_pytest\fixtures.py:1181: in execute
    fixturedef = request._get_active_fixturedef(argname)
                 ^^^^^^^^^^^^^^^^^^^^^^^^^^^^^^^^^^^^^^^
.venv_new\Lib\site-packages\_pytest\fixtures.py:726: in _get_active_fixturedef
    fixturedef.execute(request=subrequest)
.venv_new\Lib\site-packages\_pytest\fixtures.py:1232: in execute
    result: FixtureValue = ihook.pytest_fixture_setup(
.venv_new\Lib\site-packages\pluggy\_hooks.py:512: in __call__
    return self._hookexec(self.name, self._hookimpls.copy(), kwargs, firstresult)
           ^^^^^^^^^^^^^^^^^^^^^^^^^^^^^^^^^^^^^^^^^^^^^^^^^^^^^^^^^^^^^^^^^^^^^^
.venv_new\Lib\site-packages\pluggy\_manager.py:120: in _hookexec
    return self._inner_hookexec(hook_name, methods, kwargs, firstresult)
           ^^^^^^^^^^^^^^^^^^^^^^^^^^^^^^^^^^^^^^^^^^^^^^^^^^^^^^^^^^^^^
.venv_new\Lib\site-packages\_pytest\setuponly.py:36: in pytest_fixture_setup
    return (yield)
            ^^^^^
.venv_new\Lib\site-packages\_pytest\fixtures.py:1328: in pytest_fixture_setup
    result = call_fixture_func(fixturefunc, request, kwargs)
             ^^^^^^^^^^^^^^^^^^^^^^^^^^^^^^^^^^^^^^^^^^^^^^^
.venv_new\Lib\site-packages\_pytest\fixtures.py:998: in call_fixture_func
    fixture_result = next(generator)
                     ^^^^^^^^^^^^^^^
.venv_new\Lib\site-packages\_pytest\tmpdir.py:300: in tmp_path
    path = _mk_tmp(request, tmp_path_factory)
           ^^^^^^^^^^^^^^^^^^^^^^^^^^^^^^^^^^
.venv_new\Lib\site-packages\_pytest\tmpdir.py:287: in _mk_tmp
    return factory.mktemp(name, numbered=True)
           ^^^^^^^^^^^^^^^^^^^^^^^^^^^^^^^^^^^
.venv_new\Lib\site-packages\_pytest\tmpdir.py:136: in mktemp
    basename = self._ensure_relative_to_basetemp(basename)
               ^^^^^^^^^^^^^^^^^^^^^^^^^^^^^^^^^^^^^^^^^^^
.venv_new\Lib\site-packages\_pytest\tmpdir.py:117: in _ensure_relative_to_basetemp
    if (self.getbasetemp() / basename).resolve().parent != self.getbasetemp():
        ^^^^^^^^^^^^^^^^^^
.venv_new\Lib\site-packages\_pytest\tmpdir.py:213: in getbasetemp
    basetemp = make_numbered_dir_with_cleanup(
.venv_new\Lib\site-packages\_pytest\pathlib.py:420: in make_numbered_dir_with_cleanup
    raise e
.venv_new\Lib\site-packages\_pytest\pathlib.py:401: in make_numbered_dir_with_cleanup
    p = make_numbered_dir(root, prefix, mode)
        ^^^^^^^^^^^^^^^^^^^^^^^^^^^^^^^^^^^^^
.venv_new\Lib\site-packages\_pytest\pathlib.py:228: in make_numbered_dir
    max_existing = max(map(parse_num, find_suffixes(root, prefix)), default=-1)
                   ^^^^^^^^^^^^^^^^^^^^^^^^^^^^^^^^^^^^^^^^^^^^^^^^^^^^^^^^^^^^
.venv_new\Lib\site-packages\_pytest\pathlib.py:187: in extract_suffixes
    for entry in iter:
                 ^^^^
.venv_new\Lib\site-packages\_pytest\pathlib.py:175: in find_prefixed
    for x in os.scandir(root):
             ^^^^^^^^^^^^^^^^
E   PermissionError: [WinError 5] Access is denied: 'C:\\Users\\Mark\\AppData\\Local\\Temp\\pytest-of-Mark'
_ ERROR at setup of test_graft_preserves_members_and_receiving_book_order[fresh-False-False] _
.venv_new\Lib\site-packages\_pytest\runner.py:361: in from_call
    result: TResult | None = func()
                             ^^^^^^
.venv_new\Lib\site-packages\_pytest\runner.py:250: in <lambda>
    lambda: runtest_hook(item=item, **kwds),
            ^^^^^^^^^^^^^^^^^^^^^^^^^^^^^^^
.venv_new\Lib\site-packages\pluggy\_hooks.py:512: in __call__
    return self._hookexec(self.name, self._hookimpls.copy(), kwargs, firstresult)
           ^^^^^^^^^^^^^^^^^^^^^^^^^^^^^^^^^^^^^^^^^^^^^^^^^^^^^^^^^^^^^^^^^^^^^^
.venv_new\Lib\site-packages\pluggy\_manager.py:120: in _hookexec
    return self._inner_hookexec(hook_name, methods, kwargs, firstresult)
           ^^^^^^^^^^^^^^^^^^^^^^^^^^^^^^^^^^^^^^^^^^^^^^^^^^^^^^^^^^^^^
.venv_new\Lib\site-packages\_pytest\logging.py:858: in pytest_runtest_setup
    yield
.venv_new\Lib\site-packages\_pytest\capture.py:895: in pytest_runtest_setup
    return (yield)
            ^^^^^
.venv_new\Lib\site-packages\_pytest\runner.py:170: in pytest_runtest_setup
    item.session._setupstate.setup(item)
.venv_new\Lib\site-packages\_pytest\runner.py:536: in setup
    col.setup()
.venv_new\Lib\site-packages\_pytest\python.py:1710: in setup
    self._request._fillfixtures()
.venv_new\Lib\site-packages\_pytest\fixtures.py:806: in _fillfixtures
    item.funcargs[argname] = self.getfixturevalue(argname)
                             ^^^^^^^^^^^^^^^^^^^^^^^^^^^^^
.venv_new\Lib\site-packages\_pytest\fixtures.py:630: in getfixturevalue
    fixturedef = self._get_active_fixturedef(argname)
                 ^^^^^^^^^^^^^^^^^^^^^^^^^^^^^^^^^^^^
.venv_new\Lib\site-packages\_pytest\fixtures.py:726: in _get_active_fixturedef
    fixturedef.execute(request=subrequest)
.venv_new\Lib\site-packages\_pytest\fixtures.py:1181: in execute
    fixturedef = request._get_active_fixturedef(argname)
                 ^^^^^^^^^^^^^^^^^^^^^^^^^^^^^^^^^^^^^^^
.venv_new\Lib\site-packages\_pytest\fixtures.py:726: in _get_active_fixturedef
    fixturedef.execute(request=subrequest)
.venv_new\Lib\site-packages\_pytest\fixtures.py:1232: in execute
    result: FixtureValue = ihook.pytest_fixture_setup(
.venv_new\Lib\site-packages\pluggy\_hooks.py:512: in __call__
    return self._hookexec(self.name, self._hookimpls.copy(), kwargs, firstresult)
           ^^^^^^^^^^^^^^^^^^^^^^^^^^^^^^^^^^^^^^^^^^^^^^^^^^^^^^^^^^^^^^^^^^^^^^
.venv_new\Lib\site-packages\pluggy\_manager.py:120: in _hookexec
    return self._inner_hookexec(hook_name, methods, kwargs, firstresult)
           ^^^^^^^^^^^^^^^^^^^^^^^^^^^^^^^^^^^^^^^^^^^^^^^^^^^^^^^^^^^^^
.venv_new\Lib\site-packages\_pytest\setuponly.py:36: in pytest_fixture_setup
    return (yield)
            ^^^^^
.venv_new\Lib\site-packages\_pytest\fixtures.py:1328: in pytest_fixture_setup
    result = call_fixture_func(fixturefunc, request, kwargs)
             ^^^^^^^^^^^^^^^^^^^^^^^^^^^^^^^^^^^^^^^^^^^^^^^
.venv_new\Lib\site-packages\_pytest\fixtures.py:998: in call_fixture_func
    fixture_result = next(generator)
                     ^^^^^^^^^^^^^^^
.venv_new\Lib\site-packages\_pytest\tmpdir.py:300: in tmp_path
    path = _mk_tmp(request, tmp_path_factory)
           ^^^^^^^^^^^^^^^^^^^^^^^^^^^^^^^^^^
.venv_new\Lib\site-packages\_pytest\tmpdir.py:287: in _mk_tmp
    return factory.mktemp(name, numbered=True)
           ^^^^^^^^^^^^^^^^^^^^^^^^^^^^^^^^^^^
.venv_new\Lib\site-packages\_pytest\tmpdir.py:136: in mktemp
    basename = self._ensure_relative_to_basetemp(basename)
               ^^^^^^^^^^^^^^^^^^^^^^^^^^^^^^^^^^^^^^^^^^^
.venv_new\Lib\site-packages\_pytest\tmpdir.py:117: in _ensure_relative_to_basetemp
    if (self.getbasetemp() / basename).resolve().parent != self.getbasetemp():
        ^^^^^^^^^^^^^^^^^^
.venv_new\Lib\site-packages\_pytest\tmpdir.py:213: in getbasetemp
    basetemp = make_numbered_dir_with_cleanup(
.venv_new\Lib\site-packages\_pytest\pathlib.py:420: in make_numbered_dir_with_cleanup
    raise e
.venv_new\Lib\site-packages\_pytest\pathlib.py:401: in make_numbered_dir_with_cleanup
    p = make_numbered_dir(root, prefix, mode)
        ^^^^^^^^^^^^^^^^^^^^^^^^^^^^^^^^^^^^^
.venv_new\Lib\site-packages\_pytest\pathlib.py:228: in make_numbered_dir
    max_existing = max(map(parse_num, find_suffixes(root, prefix)), default=-1)
                   ^^^^^^^^^^^^^^^^^^^^^^^^^^^^^^^^^^^^^^^^^^^^^^^^^^^^^^^^^^^^
.venv_new\Lib\site-packages\_pytest\pathlib.py:187: in extract_suffixes
    for entry in iter:
                 ^^^^
.venv_new\Lib\site-packages\_pytest\pathlib.py:175: in find_prefixed
    for x in os.scandir(root):
             ^^^^^^^^^^^^^^^^
E   PermissionError: [WinError 5] Access is denied: 'C:\\Users\\Mark\\AppData\\Local\\Temp\\pytest-of-Mark'
_ ERROR at setup of test_graft_preserves_members_and_receiving_book_order[fresh-False-True] _
.venv_new\Lib\site-packages\_pytest\runner.py:361: in from_call
    result: TResult | None = func()
                             ^^^^^^
.venv_new\Lib\site-packages\_pytest\runner.py:250: in <lambda>
    lambda: runtest_hook(item=item, **kwds),
            ^^^^^^^^^^^^^^^^^^^^^^^^^^^^^^^
.venv_new\Lib\site-packages\pluggy\_hooks.py:512: in __call__
    return self._hookexec(self.name, self._hookimpls.copy(), kwargs, firstresult)
           ^^^^^^^^^^^^^^^^^^^^^^^^^^^^^^^^^^^^^^^^^^^^^^^^^^^^^^^^^^^^^^^^^^^^^^
.venv_new\Lib\site-packages\pluggy\_manager.py:120: in _hookexec
    return self._inner_hookexec(hook_name, methods, kwargs, firstresult)
           ^^^^^^^^^^^^^^^^^^^^^^^^^^^^^^^^^^^^^^^^^^^^^^^^^^^^^^^^^^^^^
.venv_new\Lib\site-packages\_pytest\logging.py:858: in pytest_runtest_setup
    yield
.venv_new\Lib\site-packages\_pytest\capture.py:895: in pytest_runtest_setup
    return (yield)
            ^^^^^
.venv_new\Lib\site-packages\_pytest\runner.py:170: in pytest_runtest_setup
    item.session._setupstate.setup(item)
.venv_new\Lib\site-packages\_pytest\runner.py:536: in setup
    col.setup()
.venv_new\Lib\site-packages\_pytest\python.py:1710: in setup
    self._request._fillfixtures()
.venv_new\Lib\site-packages\_pytest\fixtures.py:806: in _fillfixtures
    item.funcargs[argname] = self.getfixturevalue(argname)
                             ^^^^^^^^^^^^^^^^^^^^^^^^^^^^^
.venv_new\Lib\site-packages\_pytest\fixtures.py:630: in getfixturevalue
    fixturedef = self._get_active_fixturedef(argname)
                 ^^^^^^^^^^^^^^^^^^^^^^^^^^^^^^^^^^^^
.venv_new\Lib\site-packages\_pytest\fixtures.py:726: in _get_active_fixturedef
    fixturedef.execute(request=subrequest)
.venv_new\Lib\site-packages\_pytest\fixtures.py:1181: in execute
    fixturedef = request._get_active_fixturedef(argname)
                 ^^^^^^^^^^^^^^^^^^^^^^^^^^^^^^^^^^^^^^^
.venv_new\Lib\site-packages\_pytest\fixtures.py:726: in _get_active_fixturedef
    fixturedef.execute(request=subrequest)
.venv_new\Lib\site-packages\_pytest\fixtures.py:1232: in execute
    result: FixtureValue = ihook.pytest_fixture_setup(
.venv_new\Lib\site-packages\pluggy\_hooks.py:512: in __call__
    return self._hookexec(self.name, self._hookimpls.copy(), kwargs, firstresult)
           ^^^^^^^^^^^^^^^^^^^^^^^^^^^^^^^^^^^^^^^^^^^^^^^^^^^^^^^^^^^^^^^^^^^^^^
.venv_new\Lib\site-packages\pluggy\_manager.py:120: in _hookexec
    return self._inner_hookexec(hook_name, methods, kwargs, firstresult)
           ^^^^^^^^^^^^^^^^^^^^^^^^^^^^^^^^^^^^^^^^^^^^^^^^^^^^^^^^^^^^^
.venv_new\Lib\site-packages\_pytest\setuponly.py:36: in pytest_fixture_setup
    return (yield)
            ^^^^^
.venv_new\Lib\site-packages\_pytest\fixtures.py:1328: in pytest_fixture_setup
    result = call_fixture_func(fixturefunc, request, kwargs)
             ^^^^^^^^^^^^^^^^^^^^^^^^^^^^^^^^^^^^^^^^^^^^^^^
.venv_new\Lib\site-packages\_pytest\fixtures.py:998: in call_fixture_func
    fixture_result = next(generator)
                     ^^^^^^^^^^^^^^^
.venv_new\Lib\site-packages\_pytest\tmpdir.py:300: in tmp_path
    path = _mk_tmp(request, tmp_path_factory)
           ^^^^^^^^^^^^^^^^^^^^^^^^^^^^^^^^^^
.venv_new\Lib\site-packages\_pytest\tmpdir.py:287: in _mk_tmp
    return factory.mktemp(name, numbered=True)
           ^^^^^^^^^^^^^^^^^^^^^^^^^^^^^^^^^^^
.venv_new\Lib\site-packages\_pytest\tmpdir.py:136: in mktemp
    basename = self._ensure_relative_to_basetemp(basename)
               ^^^^^^^^^^^^^^^^^^^^^^^^^^^^^^^^^^^^^^^^^^^
.venv_new\Lib\site-packages\_pytest\tmpdir.py:117: in _ensure_relative_to_basetemp
    if (self.getbasetemp() / basename).resolve().parent != self.getbasetemp():
        ^^^^^^^^^^^^^^^^^^
.venv_new\Lib\site-packages\_pytest\tmpdir.py:213: in getbasetemp
    basetemp = make_numbered_dir_with_cleanup(
.venv_new\Lib\site-packages\_pytest\pathlib.py:420: in make_numbered_dir_with_cleanup
    raise e
.venv_new\Lib\site-packages\_pytest\pathlib.py:401: in make_numbered_dir_with_cleanup
    p = make_numbered_dir(root, prefix, mode)
        ^^^^^^^^^^^^^^^^^^^^^^^^^^^^^^^^^^^^^
.venv_new\Lib\site-packages\_pytest\pathlib.py:228: in make_numbered_dir
    max_existing = max(map(parse_num, find_suffixes(root, prefix)), default=-1)
                   ^^^^^^^^^^^^^^^^^^^^^^^^^^^^^^^^^^^^^^^^^^^^^^^^^^^^^^^^^^^^
.venv_new\Lib\site-packages\_pytest\pathlib.py:187: in extract_suffixes
    for entry in iter:
                 ^^^^
.venv_new\Lib\site-packages\_pytest\pathlib.py:175: in find_prefixed
    for x in os.scandir(root):
             ^^^^^^^^^^^^^^^^
E   PermissionError: [WinError 5] Access is denied: 'C:\\Users\\Mark\\AppData\\Local\\Temp\\pytest-of-Mark'
_ ERROR at setup of test_graft_preserves_members_and_receiving_book_order[fresh-True-False] _
.venv_new\Lib\site-packages\_pytest\runner.py:361: in from_call
    result: TResult | None = func()
                             ^^^^^^
.venv_new\Lib\site-packages\_pytest\runner.py:250: in <lambda>
    lambda: runtest_hook(item=item, **kwds),
            ^^^^^^^^^^^^^^^^^^^^^^^^^^^^^^^
.venv_new\Lib\site-packages\pluggy\_hooks.py:512: in __call__
    return self._hookexec(self.name, self._hookimpls.copy(), kwargs, firstresult)
           ^^^^^^^^^^^^^^^^^^^^^^^^^^^^^^^^^^^^^^^^^^^^^^^^^^^^^^^^^^^^^^^^^^^^^^
.venv_new\Lib\site-packages\pluggy\_manager.py:120: in _hookexec
    return self._inner_hookexec(hook_name, methods, kwargs, firstresult)
           ^^^^^^^^^^^^^^^^^^^^^^^^^^^^^^^^^^^^^^^^^^^^^^^^^^^^^^^^^^^^^
.venv_new\Lib\site-packages\_pytest\logging.py:858: in pytest_runtest_setup
    yield
.venv_new\Lib\site-packages\_pytest\capture.py:895: in pytest_runtest_setup
    return (yield)
            ^^^^^
.venv_new\Lib\site-packages\_pytest\runner.py:170: in pytest_runtest_setup
    item.session._setupstate.setup(item)
.venv_new\Lib\site-packages\_pytest\runner.py:536: in setup
    col.setup()
.venv_new\Lib\site-packages\_pytest\python.py:1710: in setup
    self._request._fillfixtures()
.venv_new\Lib\site-packages\_pytest\fixtures.py:806: in _fillfixtures
    item.funcargs[argname] = self.getfixturevalue(argname)
                             ^^^^^^^^^^^^^^^^^^^^^^^^^^^^^
.venv_new\Lib\site-packages\_pytest\fixtures.py:630: in getfixturevalue
    fixturedef = self._get_active_fixturedef(argname)
                 ^^^^^^^^^^^^^^^^^^^^^^^^^^^^^^^^^^^^
.venv_new\Lib\site-packages\_pytest\fixtures.py:726: in _get_active_fixturedef
    fixturedef.execute(request=subrequest)
.venv_new\Lib\site-packages\_pytest\fixtures.py:1181: in execute
    fixturedef = request._get_active_fixturedef(argname)
                 ^^^^^^^^^^^^^^^^^^^^^^^^^^^^^^^^^^^^^^^
.venv_new\Lib\site-packages\_pytest\fixtures.py:726: in _get_active_fixturedef
    fixturedef.execute(request=subrequest)
.venv_new\Lib\site-packages\_pytest\fixtures.py:1232: in execute
    result: FixtureValue = ihook.pytest_fixture_setup(
.venv_new\Lib\site-packages\pluggy\_hooks.py:512: in __call__
    return self._hookexec(self.name, self._hookimpls.copy(), kwargs, firstresult)
           ^^^^^^^^^^^^^^^^^^^^^^^^^^^^^^^^^^^^^^^^^^^^^^^^^^^^^^^^^^^^^^^^^^^^^^
.venv_new\Lib\site-packages\pluggy\_manager.py:120: in _hookexec
    return self._inner_hookexec(hook_name, methods, kwargs, firstresult)
           ^^^^^^^^^^^^^^^^^^^^^^^^^^^^^^^^^^^^^^^^^^^^^^^^^^^^^^^^^^^^^
.venv_new\Lib\site-packages\_pytest\setuponly.py:36: in pytest_fixture_setup
    return (yield)
            ^^^^^
.venv_new\Lib\site-packages\_pytest\fixtures.py:1328: in pytest_fixture_setup
    result = call_fixture_func(fixturefunc, request, kwargs)
             ^^^^^^^^^^^^^^^^^^^^^^^^^^^^^^^^^^^^^^^^^^^^^^^
.venv_new\Lib\site-packages\_pytest\fixtures.py:998: in call_fixture_func
    fixture_result = next(generator)
                     ^^^^^^^^^^^^^^^
.venv_new\Lib\site-packages\_pytest\tmpdir.py:300: in tmp_path
    path = _mk_tmp(request, tmp_path_factory)
           ^^^^^^^^^^^^^^^^^^^^^^^^^^^^^^^^^^
.venv_new\Lib\site-packages\_pytest\tmpdir.py:287: in _mk_tmp
    return factory.mktemp(name, numbered=True)
           ^^^^^^^^^^^^^^^^^^^^^^^^^^^^^^^^^^^
.venv_new\Lib\site-packages\_pytest\tmpdir.py:136: in mktemp
    basename = self._ensure_relative_to_basetemp(basename)
               ^^^^^^^^^^^^^^^^^^^^^^^^^^^^^^^^^^^^^^^^^^^
.venv_new\Lib\site-packages\_pytest\tmpdir.py:117: in _ensure_relative_to_basetemp
    if (self.getbasetemp() / basename).resolve().parent != self.getbasetemp():
        ^^^^^^^^^^^^^^^^^^
.venv_new\Lib\site-packages\_pytest\tmpdir.py:213: in getbasetemp
    basetemp = make_numbered_dir_with_cleanup(
.venv_new\Lib\site-packages\_pytest\pathlib.py:420: in make_numbered_dir_with_cleanup
    raise e
.venv_new\Lib\site-packages\_pytest\pathlib.py:401: in make_numbered_dir_with_cleanup
    p = make_numbered_dir(root, prefix, mode)
        ^^^^^^^^^^^^^^^^^^^^^^^^^^^^^^^^^^^^^
.venv_new\Lib\site-packages\_pytest\pathlib.py:228: in make_numbered_dir
    max_existing = max(map(parse_num, find_suffixes(root, prefix)), default=-1)
                   ^^^^^^^^^^^^^^^^^^^^^^^^^^^^^^^^^^^^^^^^^^^^^^^^^^^^^^^^^^^^
.venv_new\Lib\site-packages\_pytest\pathlib.py:187: in extract_suffixes
    for entry in iter:
                 ^^^^
.venv_new\Lib\site-packages\_pytest\pathlib.py:175: in find_prefixed
    for x in os.scandir(root):
             ^^^^^^^^^^^^^^^^
E   PermissionError: [WinError 5] Access is denied: 'C:\\Users\\Mark\\AppData\\Local\\Temp\\pytest-of-Mark'
_ ERROR at setup of test_graft_preserves_members_and_receiving_book_order[fresh-True-True] _
.venv_new\Lib\site-packages\_pytest\runner.py:361: in from_call
    result: TResult | None = func()
                             ^^^^^^
.venv_new\Lib\site-packages\_pytest\runner.py:250: in <lambda>
    lambda: runtest_hook(item=item, **kwds),
            ^^^^^^^^^^^^^^^^^^^^^^^^^^^^^^^
.venv_new\Lib\site-packages\pluggy\_hooks.py:512: in __call__
    return self._hookexec(self.name, self._hookimpls.copy(), kwargs, firstresult)
           ^^^^^^^^^^^^^^^^^^^^^^^^^^^^^^^^^^^^^^^^^^^^^^^^^^^^^^^^^^^^^^^^^^^^^^
.venv_new\Lib\site-packages\pluggy\_manager.py:120: in _hookexec
    return self._inner_hookexec(hook_name, methods, kwargs, firstresult)
           ^^^^^^^^^^^^^^^^^^^^^^^^^^^^^^^^^^^^^^^^^^^^^^^^^^^^^^^^^^^^^
.venv_new\Lib\site-packages\_pytest\logging.py:858: in pytest_runtest_setup
    yield
.venv_new\Lib\site-packages\_pytest\capture.py:895: in pytest_runtest_setup
    return (yield)
            ^^^^^
.venv_new\Lib\site-packages\_pytest\runner.py:170: in pytest_runtest_setup
    item.session._setupstate.setup(item)
.venv_new\Lib\site-packages\_pytest\runner.py:536: in setup
    col.setup()
.venv_new\Lib\site-packages\_pytest\python.py:1710: in setup
    self._request._fillfixtures()
.venv_new\Lib\site-packages\_pytest\fixtures.py:806: in _fillfixtures
    item.funcargs[argname] = self.getfixturevalue(argname)
                             ^^^^^^^^^^^^^^^^^^^^^^^^^^^^^
.venv_new\Lib\site-packages\_pytest\fixtures.py:630: in getfixturevalue
    fixturedef = self._get_active_fixturedef(argname)
                 ^^^^^^^^^^^^^^^^^^^^^^^^^^^^^^^^^^^^
.venv_new\Lib\site-packages\_pytest\fixtures.py:726: in _get_active_fixturedef
    fixturedef.execute(request=subrequest)
.venv_new\Lib\site-packages\_pytest\fixtures.py:1181: in execute
    fixturedef = request._get_active_fixturedef(argname)
                 ^^^^^^^^^^^^^^^^^^^^^^^^^^^^^^^^^^^^^^^
.venv_new\Lib\site-packages\_pytest\fixtures.py:726: in _get_active_fixturedef
    fixturedef.execute(request=subrequest)
.venv_new\Lib\site-packages\_pytest\fixtures.py:1232: in execute
    result: FixtureValue = ihook.pytest_fixture_setup(
.venv_new\Lib\site-packages\pluggy\_hooks.py:512: in __call__
    return self._hookexec(self.name, self._hookimpls.copy(), kwargs, firstresult)
           ^^^^^^^^^^^^^^^^^^^^^^^^^^^^^^^^^^^^^^^^^^^^^^^^^^^^^^^^^^^^^^^^^^^^^^
.venv_new\Lib\site-packages\pluggy\_manager.py:120: in _hookexec
    return self._inner_hookexec(hook_name, methods, kwargs, firstresult)
           ^^^^^^^^^^^^^^^^^^^^^^^^^^^^^^^^^^^^^^^^^^^^^^^^^^^^^^^^^^^^^
.venv_new\Lib\site-packages\_pytest\setuponly.py:36: in pytest_fixture_setup
    return (yield)
            ^^^^^
.venv_new\Lib\site-packages\_pytest\fixtures.py:1328: in pytest_fixture_setup
    result = call_fixture_func(fixturefunc, request, kwargs)
             ^^^^^^^^^^^^^^^^^^^^^^^^^^^^^^^^^^^^^^^^^^^^^^^
.venv_new\Lib\site-packages\_pytest\fixtures.py:998: in call_fixture_func
    fixture_result = next(generator)
                     ^^^^^^^^^^^^^^^
.venv_new\Lib\site-packages\_pytest\tmpdir.py:300: in tmp_path
    path = _mk_tmp(request, tmp_path_factory)
           ^^^^^^^^^^^^^^^^^^^^^^^^^^^^^^^^^^
.venv_new\Lib\site-packages\_pytest\tmpdir.py:287: in _mk_tmp
    return factory.mktemp(name, numbered=True)
           ^^^^^^^^^^^^^^^^^^^^^^^^^^^^^^^^^^^
.venv_new\Lib\site-packages\_pytest\tmpdir.py:136: in mktemp
    basename = self._ensure_relative_to_basetemp(basename)
               ^^^^^^^^^^^^^^^^^^^^^^^^^^^^^^^^^^^^^^^^^^^
.venv_new\Lib\site-packages\_pytest\tmpdir.py:117: in _ensure_relative_to_basetemp
    if (self.getbasetemp() / basename).resolve().parent != self.getbasetemp():
        ^^^^^^^^^^^^^^^^^^
.venv_new\Lib\site-packages\_pytest\tmpdir.py:213: in getbasetemp
    basetemp = make_numbered_dir_with_cleanup(
.venv_new\Lib\site-packages\_pytest\pathlib.py:420: in make_numbered_dir_with_cleanup
    raise e
.venv_new\Lib\site-packages\_pytest\pathlib.py:401: in make_numbered_dir_with_cleanup
    p = make_numbered_dir(root, prefix, mode)
        ^^^^^^^^^^^^^^^^^^^^^^^^^^^^^^^^^^^^^
.venv_new\Lib\site-packages\_pytest\pathlib.py:228: in make_numbered_dir
    max_existing = max(map(parse_num, find_suffixes(root, prefix)), default=-1)
                   ^^^^^^^^^^^^^^^^^^^^^^^^^^^^^^^^^^^^^^^^^^^^^^^^^^^^^^^^^^^^
.venv_new\Lib\site-packages\_pytest\pathlib.py:187: in extract_suffixes
    for entry in iter:
                 ^^^^
.venv_new\Lib\site-packages\_pytest\pathlib.py:175: in find_prefixed
    for x in os.scandir(root):
             ^^^^^^^^^^^^^^^^
E   PermissionError: [WinError 5] Access is denied: 'C:\\Users\\Mark\\AppData\\Local\\Temp\\pytest-of-Mark'
_ ERROR at setup of test_graft_preserves_members_and_receiving_book_order[merge-False-False] _
.venv_new\Lib\site-packages\_pytest\runner.py:361: in from_call
    result: TResult | None = func()
                             ^^^^^^
.venv_new\Lib\site-packages\_pytest\runner.py:250: in <lambda>
    lambda: runtest_hook(item=item, **kwds),
            ^^^^^^^^^^^^^^^^^^^^^^^^^^^^^^^
.venv_new\Lib\site-packages\pluggy\_hooks.py:512: in __call__
    return self._hookexec(self.name, self._hookimpls.copy(), kwargs, firstresult)
           ^^^^^^^^^^^^^^^^^^^^^^^^^^^^^^^^^^^^^^^^^^^^^^^^^^^^^^^^^^^^^^^^^^^^^^
.venv_new\Lib\site-packages\pluggy\_manager.py:120: in _hookexec
    return self._inner_hookexec(hook_name, methods, kwargs, firstresult)
           ^^^^^^^^^^^^^^^^^^^^^^^^^^^^^^^^^^^^^^^^^^^^^^^^^^^^^^^^^^^^^
.venv_new\Lib\site-packages\_pytest\logging.py:858: in pytest_runtest_setup
    yield
.venv_new\Lib\site-packages\_pytest\capture.py:895: in pytest_runtest_setup
    return (yield)
            ^^^^^
.venv_new\Lib\site-packages\_pytest\runner.py:170: in pytest_runtest_setup
    item.session._setupstate.setup(item)
.venv_new\Lib\site-packages\_pytest\runner.py:536: in setup
    col.setup()
.venv_new\Lib\site-packages\_pytest\python.py:1710: in setup
    self._request._fillfixtures()
.venv_new\Lib\site-packages\_pytest\fixtures.py:806: in _fillfixtures
    item.funcargs[argname] = self.getfixturevalue(argname)
                             ^^^^^^^^^^^^^^^^^^^^^^^^^^^^^
.venv_new\Lib\site-packages\_pytest\fixtures.py:630: in getfixturevalue
    fixturedef = self._get_active_fixturedef(argname)
                 ^^^^^^^^^^^^^^^^^^^^^^^^^^^^^^^^^^^^
.venv_new\Lib\site-packages\_pytest\fixtures.py:726: in _get_active_fixturedef
    fixturedef.execute(request=subrequest)
.venv_new\Lib\site-packages\_pytest\fixtures.py:1181: in execute
    fixturedef = request._get_active_fixturedef(argname)
                 ^^^^^^^^^^^^^^^^^^^^^^^^^^^^^^^^^^^^^^^
.venv_new\Lib\site-packages\_pytest\fixtures.py:726: in _get_active_fixturedef
    fixturedef.execute(request=subrequest)
.venv_new\Lib\site-packages\_pytest\fixtures.py:1232: in execute
    result: FixtureValue = ihook.pytest_fixture_setup(
.venv_new\Lib\site-packages\pluggy\_hooks.py:512: in __call__
    return self._hookexec(self.name, self._hookimpls.copy(), kwargs, firstresult)
           ^^^^^^^^^^^^^^^^^^^^^^^^^^^^^^^^^^^^^^^^^^^^^^^^^^^^^^^^^^^^^^^^^^^^^^
.venv_new\Lib\site-packages\pluggy\_manager.py:120: in _hookexec
    return self._inner_hookexec(hook_name, methods, kwargs, firstresult)
           ^^^^^^^^^^^^^^^^^^^^^^^^^^^^^^^^^^^^^^^^^^^^^^^^^^^^^^^^^^^^^
.venv_new\Lib\site-packages\_pytest\setuponly.py:36: in pytest_fixture_setup
    return (yield)
            ^^^^^
.venv_new\Lib\site-packages\_pytest\fixtures.py:1328: in pytest_fixture_setup
    result = call_fixture_func(fixturefunc, request, kwargs)
             ^^^^^^^^^^^^^^^^^^^^^^^^^^^^^^^^^^^^^^^^^^^^^^^
.venv_new\Lib\site-packages\_pytest\fixtures.py:998: in call_fixture_func
    fixture_result = next(generator)
                     ^^^^^^^^^^^^^^^
.venv_new\Lib\site-packages\_pytest\tmpdir.py:300: in tmp_path
    path = _mk_tmp(request, tmp_path_factory)
           ^^^^^^^^^^^^^^^^^^^^^^^^^^^^^^^^^^
.venv_new\Lib\site-packages\_pytest\tmpdir.py:287: in _mk_tmp
    return factory.mktemp(name, numbered=True)
           ^^^^^^^^^^^^^^^^^^^^^^^^^^^^^^^^^^^
.venv_new\Lib\site-packages\_pytest\tmpdir.py:136: in mktemp
    basename = self._ensure_relative_to_basetemp(basename)
               ^^^^^^^^^^^^^^^^^^^^^^^^^^^^^^^^^^^^^^^^^^^
.venv_new\Lib\site-packages\_pytest\tmpdir.py:117: in _ensure_relative_to_basetemp
    if (self.getbasetemp() / basename).resolve().parent != self.getbasetemp():
        ^^^^^^^^^^^^^^^^^^
.venv_new\Lib\site-packages\_pytest\tmpdir.py:213: in getbasetemp
    basetemp = make_numbered_dir_with_cleanup(
.venv_new\Lib\site-packages\_pytest\pathlib.py:420: in make_numbered_dir_with_cleanup
    raise e
.venv_new\Lib\site-packages\_pytest\pathlib.py:401: in make_numbered_dir_with_cleanup
    p = make_numbered_dir(root, prefix, mode)
        ^^^^^^^^^^^^^^^^^^^^^^^^^^^^^^^^^^^^^
.venv_new\Lib\site-packages\_pytest\pathlib.py:228: in make_numbered_dir
    max_existing = max(map(parse_num, find_suffixes(root, prefix)), default=-1)
                   ^^^^^^^^^^^^^^^^^^^^^^^^^^^^^^^^^^^^^^^^^^^^^^^^^^^^^^^^^^^^
.venv_new\Lib\site-packages\_pytest\pathlib.py:187: in extract_suffixes
    for entry in iter:
                 ^^^^
.venv_new\Lib\site-packages\_pytest\pathlib.py:175: in find_prefixed
    for x in os.scandir(root):
             ^^^^^^^^^^^^^^^^
E   PermissionError: [WinError 5] Access is denied: 'C:\\Users\\Mark\\AppData\\Local\\Temp\\pytest-of-Mark'
_ ERROR at setup of test_graft_preserves_members_and_receiving_book_order[merge-False-True] _
.venv_new\Lib\site-packages\_pytest\runner.py:361: in from_call
    result: TResult | None = func()
                             ^^^^^^
.venv_new\Lib\site-packages\_pytest\runner.py:250: in <lambda>
    lambda: runtest_hook(item=item, **kwds),
            ^^^^^^^^^^^^^^^^^^^^^^^^^^^^^^^
.venv_new\Lib\site-packages\pluggy\_hooks.py:512: in __call__
    return self._hookexec(self.name, self._hookimpls.copy(), kwargs, firstresult)
           ^^^^^^^^^^^^^^^^^^^^^^^^^^^^^^^^^^^^^^^^^^^^^^^^^^^^^^^^^^^^^^^^^^^^^^
.venv_new\Lib\site-packages\pluggy\_manager.py:120: in _hookexec
    return self._inner_hookexec(hook_name, methods, kwargs, firstresult)
           ^^^^^^^^^^^^^^^^^^^^^^^^^^^^^^^^^^^^^^^^^^^^^^^^^^^^^^^^^^^^^
.venv_new\Lib\site-packages\_pytest\logging.py:858: in pytest_runtest_setup
    yield
.venv_new\Lib\site-packages\_pytest\capture.py:895: in pytest_runtest_setup
    return (yield)
            ^^^^^
.venv_new\Lib\site-packages\_pytest\runner.py:170: in pytest_runtest_setup
    item.session._setupstate.setup(item)
.venv_new\Lib\site-packages\_pytest\runner.py:536: in setup
    col.setup()
.venv_new\Lib\site-packages\_pytest\python.py:1710: in setup
    self._request._fillfixtures()
.venv_new\Lib\site-packages\_pytest\fixtures.py:806: in _fillfixtures
    item.funcargs[argname] = self.getfixturevalue(argname)
                             ^^^^^^^^^^^^^^^^^^^^^^^^^^^^^
.venv_new\Lib\site-packages\_pytest\fixtures.py:630: in getfixturevalue
    fixturedef = self._get_active_fixturedef(argname)
                 ^^^^^^^^^^^^^^^^^^^^^^^^^^^^^^^^^^^^
.venv_new\Lib\site-packages\_pytest\fixtures.py:726: in _get_active_fixturedef
    fixturedef.execute(request=subrequest)
.venv_new\Lib\site-packages\_pytest\fixtures.py:1181: in execute
    fixturedef = request._get_active_fixturedef(argname)
                 ^^^^^^^^^^^^^^^^^^^^^^^^^^^^^^^^^^^^^^^
.venv_new\Lib\site-packages\_pytest\fixtures.py:726: in _get_active_fixturedef
    fixturedef.execute(request=subrequest)
.venv_new\Lib\site-packages\_pytest\fixtures.py:1232: in execute
    result: FixtureValue = ihook.pytest_fixture_setup(
.venv_new\Lib\site-packages\pluggy\_hooks.py:512: in __call__
    return self._hookexec(self.name, self._hookimpls.copy(), kwargs, firstresult)
           ^^^^^^^^^^^^^^^^^^^^^^^^^^^^^^^^^^^^^^^^^^^^^^^^^^^^^^^^^^^^^^^^^^^^^^
.venv_new\Lib\site-packages\pluggy\_manager.py:120: in _hookexec
    return self._inner_hookexec(hook_name, methods, kwargs, firstresult)
           ^^^^^^^^^^^^^^^^^^^^^^^^^^^^^^^^^^^^^^^^^^^^^^^^^^^^^^^^^^^^^
.venv_new\Lib\site-packages\_pytest\setuponly.py:36: in pytest_fixture_setup
    return (yield)
            ^^^^^
.venv_new\Lib\site-packages\_pytest\fixtures.py:1328: in pytest_fixture_setup
    result = call_fixture_func(fixturefunc, request, kwargs)
             ^^^^^^^^^^^^^^^^^^^^^^^^^^^^^^^^^^^^^^^^^^^^^^^
.venv_new\Lib\site-packages\_pytest\fixtures.py:998: in call_fixture_func
    fixture_result = next(generator)
                     ^^^^^^^^^^^^^^^
.venv_new\Lib\site-packages\_pytest\tmpdir.py:300: in tmp_path
    path = _mk_tmp(request, tmp_path_factory)
           ^^^^^^^^^^^^^^^^^^^^^^^^^^^^^^^^^^
.venv_new\Lib\site-packages\_pytest\tmpdir.py:287: in _mk_tmp
    return factory.mktemp(name, numbered=True)
           ^^^^^^^^^^^^^^^^^^^^^^^^^^^^^^^^^^^
.venv_new\Lib\site-packages\_pytest\tmpdir.py:136: in mktemp
    basename = self._ensure_relative_to_basetemp(basename)
               ^^^^^^^^^^^^^^^^^^^^^^^^^^^^^^^^^^^^^^^^^^^
.venv_new\Lib\site-packages\_pytest\tmpdir.py:117: in _ensure_relative_to_basetemp
    if (self.getbasetemp() / basename).resolve().parent != self.getbasetemp():
        ^^^^^^^^^^^^^^^^^^
.venv_new\Lib\site-packages\_pytest\tmpdir.py:213: in getbasetemp
    basetemp = make_numbered_dir_with_cleanup(
.venv_new\Lib\site-packages\_pytest\pathlib.py:420: in make_numbered_dir_with_cleanup
    raise e
.venv_new\Lib\site-packages\_pytest\pathlib.py:401: in make_numbered_dir_with_cleanup
    p = make_numbered_dir(root, prefix, mode)
        ^^^^^^^^^^^^^^^^^^^^^^^^^^^^^^^^^^^^^
.venv_new\Lib\site-packages\_pytest\pathlib.py:228: in make_numbered_dir
    max_existing = max(map(parse_num, find_suffixes(root, prefix)), default=-1)
                   ^^^^^^^^^^^^^^^^^^^^^^^^^^^^^^^^^^^^^^^^^^^^^^^^^^^^^^^^^^^^
.venv_new\Lib\site-packages\_pytest\pathlib.py:187: in extract_suffixes
    for entry in iter:
                 ^^^^
.venv_new\Lib\site-packages\_pytest\pathlib.py:175: in find_prefixed
    for x in os.scandir(root):
             ^^^^^^^^^^^^^^^^
E   PermissionError: [WinError 5] Access is denied: 'C:\\Users\\Mark\\AppData\\Local\\Temp\\pytest-of-Mark'
_ ERROR at setup of test_graft_preserves_members_and_receiving_book_order[merge-True-False] _
.venv_new\Lib\site-packages\_pytest\runner.py:361: in from_call
    result: TResult | None = func()
                             ^^^^^^
.venv_new\Lib\site-packages\_pytest\runner.py:250: in <lambda>
    lambda: runtest_hook(item=item, **kwds),
            ^^^^^^^^^^^^^^^^^^^^^^^^^^^^^^^
.venv_new\Lib\site-packages\pluggy\_hooks.py:512: in __call__
    return self._hookexec(self.name, self._hookimpls.copy(), kwargs, firstresult)
           ^^^^^^^^^^^^^^^^^^^^^^^^^^^^^^^^^^^^^^^^^^^^^^^^^^^^^^^^^^^^^^^^^^^^^^
.venv_new\Lib\site-packages\pluggy\_manager.py:120: in _hookexec
    return self._inner_hookexec(hook_name, methods, kwargs, firstresult)
           ^^^^^^^^^^^^^^^^^^^^^^^^^^^^^^^^^^^^^^^^^^^^^^^^^^^^^^^^^^^^^
.venv_new\Lib\site-packages\_pytest\logging.py:858: in pytest_runtest_setup
    yield
.venv_new\Lib\site-packages\_pytest\capture.py:895: in pytest_runtest_setup
    return (yield)
            ^^^^^
.venv_new\Lib\site-packages\_pytest\runner.py:170: in pytest_runtest_setup
    item.session._setupstate.setup(item)
.venv_new\Lib\site-packages\_pytest\runner.py:536: in setup
    col.setup()
.venv_new\Lib\site-packages\_pytest\python.py:1710: in setup
    self._request._fillfixtures()
.venv_new\Lib\site-packages\_pytest\fixtures.py:806: in _fillfixtures
    item.funcargs[argname] = self.getfixturevalue(argname)
                             ^^^^^^^^^^^^^^^^^^^^^^^^^^^^^
.venv_new\Lib\site-packages\_pytest\fixtures.py:630: in getfixturevalue
    fixturedef = self._get_active_fixturedef(argname)
                 ^^^^^^^^^^^^^^^^^^^^^^^^^^^^^^^^^^^^
.venv_new\Lib\site-packages\_pytest\fixtures.py:726: in _get_active_fixturedef
    fixturedef.execute(request=subrequest)
.venv_new\Lib\site-packages\_pytest\fixtures.py:1181: in execute
    fixturedef = request._get_active_fixturedef(argname)
                 ^^^^^^^^^^^^^^^^^^^^^^^^^^^^^^^^^^^^^^^
.venv_new\Lib\site-packages\_pytest\fixtures.py:726: in _get_active_fixturedef
    fixturedef.execute(request=subrequest)
.venv_new\Lib\site-packages\_pytest\fixtures.py:1232: in execute
    result: FixtureValue = ihook.pytest_fixture_setup(
.venv_new\Lib\site-packages\pluggy\_hooks.py:512: in __call__
    return self._hookexec(self.name, self._hookimpls.copy(), kwargs, firstresult)
           ^^^^^^^^^^^^^^^^^^^^^^^^^^^^^^^^^^^^^^^^^^^^^^^^^^^^^^^^^^^^^^^^^^^^^^
.venv_new\Lib\site-packages\pluggy\_manager.py:120: in _hookexec
    return self._inner_hookexec(hook_name, methods, kwargs, firstresult)
           ^^^^^^^^^^^^^^^^^^^^^^^^^^^^^^^^^^^^^^^^^^^^^^^^^^^^^^^^^^^^^
.venv_new\Lib\site-packages\_pytest\setuponly.py:36: in pytest_fixture_setup
    return (yield)
            ^^^^^
.venv_new\Lib\site-packages\_pytest\fixtures.py:1328: in pytest_fixture_setup
    result = call_fixture_func(fixturefunc, request, kwargs)
             ^^^^^^^^^^^^^^^^^^^^^^^^^^^^^^^^^^^^^^^^^^^^^^^
.venv_new\Lib\site-packages\_pytest\fixtures.py:998: in call_fixture_func
    fixture_result = next(generator)
                     ^^^^^^^^^^^^^^^
.venv_new\Lib\site-packages\_pytest\tmpdir.py:300: in tmp_path
    path = _mk_tmp(request, tmp_path_factory)
           ^^^^^^^^^^^^^^^^^^^^^^^^^^^^^^^^^^
.venv_new\Lib\site-packages\_pytest\tmpdir.py:287: in _mk_tmp
    return factory.mktemp(name, numbered=True)
           ^^^^^^^^^^^^^^^^^^^^^^^^^^^^^^^^^^^
.venv_new\Lib\site-packages\_pytest\tmpdir.py:136: in mktemp
    basename = self._ensure_relative_to_basetemp(basename)
               ^^^^^^^^^^^^^^^^^^^^^^^^^^^^^^^^^^^^^^^^^^^
.venv_new\Lib\site-packages\_pytest\tmpdir.py:117: in _ensure_relative_to_basetemp
    if (self.getbasetemp() / basename).resolve().parent != self.getbasetemp():
        ^^^^^^^^^^^^^^^^^^
.venv_new\Lib\site-packages\_pytest\tmpdir.py:213: in getbasetemp
    basetemp = make_numbered_dir_with_cleanup(
.venv_new\Lib\site-packages\_pytest\pathlib.py:420: in make_numbered_dir_with_cleanup
    raise e
.venv_new\Lib\site-packages\_pytest\pathlib.py:401: in make_numbered_dir_with_cleanup
    p = make_numbered_dir(root, prefix, mode)
        ^^^^^^^^^^^^^^^^^^^^^^^^^^^^^^^^^^^^^
.venv_new\Lib\site-packages\_pytest\pathlib.py:228: in make_numbered_dir
    max_existing = max(map(parse_num, find_suffixes(root, prefix)), default=-1)
                   ^^^^^^^^^^^^^^^^^^^^^^^^^^^^^^^^^^^^^^^^^^^^^^^^^^^^^^^^^^^^
.venv_new\Lib\site-packages\_pytest\pathlib.py:187: in extract_suffixes
    for entry in iter:
                 ^^^^
.venv_new\Lib\site-packages\_pytest\pathlib.py:175: in find_prefixed
    for x in os.scandir(root):
             ^^^^^^^^^^^^^^^^
E   PermissionError: [WinError 5] Access is denied: 'C:\\Users\\Mark\\AppData\\Local\\Temp\\pytest-of-Mark'
_ ERROR at setup of test_graft_preserves_members_and_receiving_book_order[merge-True-True] _
.venv_new\Lib\site-packages\_pytest\runner.py:361: in from_call
    result: TResult | None = func()
                             ^^^^^^
.venv_new\Lib\site-packages\_pytest\runner.py:250: in <lambda>
    lambda: runtest_hook(item=item, **kwds),
            ^^^^^^^^^^^^^^^^^^^^^^^^^^^^^^^
.venv_new\Lib\site-packages\pluggy\_hooks.py:512: in __call__
    return self._hookexec(self.name, self._hookimpls.copy(), kwargs, firstresult)
           ^^^^^^^^^^^^^^^^^^^^^^^^^^^^^^^^^^^^^^^^^^^^^^^^^^^^^^^^^^^^^^^^^^^^^^
.venv_new\Lib\site-packages\pluggy\_manager.py:120: in _hookexec
    return self._inner_hookexec(hook_name, methods, kwargs, firstresult)
           ^^^^^^^^^^^^^^^^^^^^^^^^^^^^^^^^^^^^^^^^^^^^^^^^^^^^^^^^^^^^^
.venv_new\Lib\site-packages\_pytest\logging.py:858: in pytest_runtest_setup
    yield
.venv_new\Lib\site-packages\_pytest\capture.py:895: in pytest_runtest_setup
    return (yield)
            ^^^^^
.venv_new\Lib\site-packages\_pytest\runner.py:170: in pytest_runtest_setup
    item.session._setupstate.setup(item)
.venv_new\Lib\site-packages\_pytest\runner.py:536: in setup
    col.setup()
.venv_new\Lib\site-packages\_pytest\python.py:1710: in setup
    self._request._fillfixtures()
.venv_new\Lib\site-packages\_pytest\fixtures.py:806: in _fillfixtures
    item.funcargs[argname] = self.getfixturevalue(argname)
                             ^^^^^^^^^^^^^^^^^^^^^^^^^^^^^
.venv_new\Lib\site-packages\_pytest\fixtures.py:630: in getfixturevalue
    fixturedef = self._get_active_fixturedef(argname)
                 ^^^^^^^^^^^^^^^^^^^^^^^^^^^^^^^^^^^^
.venv_new\Lib\site-packages\_pytest\fixtures.py:726: in _get_active_fixturedef
    fixturedef.execute(request=subrequest)
.venv_new\Lib\site-packages\_pytest\fixtures.py:1181: in execute
    fixturedef = request._get_active_fixturedef(argname)
                 ^^^^^^^^^^^^^^^^^^^^^^^^^^^^^^^^^^^^^^^
.venv_new\Lib\site-packages\_pytest\fixtures.py:726: in _get_active_fixturedef
    fixturedef.execute(request=subrequest)
.venv_new\Lib\site-packages\_pytest\fixtures.py:1232: in execute
    result: FixtureValue = ihook.pytest_fixture_setup(
.venv_new\Lib\site-packages\pluggy\_hooks.py:512: in __call__
    return self._hookexec(self.name, self._hookimpls.copy(), kwargs, firstresult)
           ^^^^^^^^^^^^^^^^^^^^^^^^^^^^^^^^^^^^^^^^^^^^^^^^^^^^^^^^^^^^^^^^^^^^^^
.venv_new\Lib\site-packages\pluggy\_manager.py:120: in _hookexec
    return self._inner_hookexec(hook_name, methods, kwargs, firstresult)
           ^^^^^^^^^^^^^^^^^^^^^^^^^^^^^^^^^^^^^^^^^^^^^^^^^^^^^^^^^^^^^
.venv_new\Lib\site-packages\_pytest\setuponly.py:36: in pytest_fixture_setup
    return (yield)
            ^^^^^
.venv_new\Lib\site-packages\_pytest\fixtures.py:1328: in pytest_fixture_setup
    result = call_fixture_func(fixturefunc, request, kwargs)
             ^^^^^^^^^^^^^^^^^^^^^^^^^^^^^^^^^^^^^^^^^^^^^^^
.venv_new\Lib\site-packages\_pytest\fixtures.py:998: in call_fixture_func
    fixture_result = next(generator)
                     ^^^^^^^^^^^^^^^
.venv_new\Lib\site-packages\_pytest\tmpdir.py:300: in tmp_path
    path = _mk_tmp(request, tmp_path_factory)
           ^^^^^^^^^^^^^^^^^^^^^^^^^^^^^^^^^^
.venv_new\Lib\site-packages\_pytest\tmpdir.py:287: in _mk_tmp
    return factory.mktemp(name, numbered=True)
           ^^^^^^^^^^^^^^^^^^^^^^^^^^^^^^^^^^^
.venv_new\Lib\site-packages\_pytest\tmpdir.py:136: in mktemp
    basename = self._ensure_relative_to_basetemp(basename)
               ^^^^^^^^^^^^^^^^^^^^^^^^^^^^^^^^^^^^^^^^^^^
.venv_new\Lib\site-packages\_pytest\tmpdir.py:117: in _ensure_relative_to_basetemp
    if (self.getbasetemp() / basename).resolve().parent != self.getbasetemp():
        ^^^^^^^^^^^^^^^^^^
.venv_new\Lib\site-packages\_pytest\tmpdir.py:213: in getbasetemp
    basetemp = make_numbered_dir_with_cleanup(
.venv_new\Lib\site-packages\_pytest\pathlib.py:420: in make_numbered_dir_with_cleanup
    raise e
.venv_new\Lib\site-packages\_pytest\pathlib.py:401: in make_numbered_dir_with_cleanup
    p = make_numbered_dir(root, prefix, mode)
        ^^^^^^^^^^^^^^^^^^^^^^^^^^^^^^^^^^^^^
.venv_new\Lib\site-packages\_pytest\pathlib.py:228: in make_numbered_dir
    max_existing = max(map(parse_num, find_suffixes(root, prefix)), default=-1)
                   ^^^^^^^^^^^^^^^^^^^^^^^^^^^^^^^^^^^^^^^^^^^^^^^^^^^^^^^^^^^^
.venv_new\Lib\site-packages\_pytest\pathlib.py:187: in extract_suffixes
    for entry in iter:
                 ^^^^
.venv_new\Lib\site-packages\_pytest\pathlib.py:175: in find_prefixed
    for x in os.scandir(root):
             ^^^^^^^^^^^^^^^^
E   PermissionError: [WinError 5] Access is denied: 'C:\\Users\\Mark\\AppData\\Local\\Temp\\pytest-of-Mark'
_ ERROR at setup of test_graft_preserves_members_and_receiving_book_order[merge_adopt-False-False] _
.venv_new\Lib\site-packages\_pytest\runner.py:361: in from_call
    result: TResult | None = func()
                             ^^^^^^
.venv_new\Lib\site-packages\_pytest\runner.py:250: in <lambda>
    lambda: runtest_hook(item=item, **kwds),
            ^^^^^^^^^^^^^^^^^^^^^^^^^^^^^^^
.venv_new\Lib\site-packages\pluggy\_hooks.py:512: in __call__
    return self._hookexec(self.name, self._hookimpls.copy(), kwargs, firstresult)
           ^^^^^^^^^^^^^^^^^^^^^^^^^^^^^^^^^^^^^^^^^^^^^^^^^^^^^^^^^^^^^^^^^^^^^^
.venv_new\Lib\site-packages\pluggy\_manager.py:120: in _hookexec
    return self._inner_hookexec(hook_name, methods, kwargs, firstresult)
           ^^^^^^^^^^^^^^^^^^^^^^^^^^^^^^^^^^^^^^^^^^^^^^^^^^^^^^^^^^^^^
.venv_new\Lib\site-packages\_pytest\logging.py:858: in pytest_runtest_setup
    yield
.venv_new\Lib\site-packages\_pytest\capture.py:895: in pytest_runtest_setup
    return (yield)
            ^^^^^
.venv_new\Lib\site-packages\_pytest\runner.py:170: in pytest_runtest_setup
    item.session._setupstate.setup(item)
.venv_new\Lib\site-packages\_pytest\runner.py:536: in setup
    col.setup()
.venv_new\Lib\site-packages\_pytest\python.py:1710: in setup
    self._request._fillfixtures()
.venv_new\Lib\site-packages\_pytest\fixtures.py:806: in _fillfixtures
    item.funcargs[argname] = self.getfixturevalue(argname)
                             ^^^^^^^^^^^^^^^^^^^^^^^^^^^^^
.venv_new\Lib\site-packages\_pytest\fixtures.py:630: in getfixturevalue
    fixturedef = self._get_active_fixturedef(argname)
                 ^^^^^^^^^^^^^^^^^^^^^^^^^^^^^^^^^^^^
.venv_new\Lib\site-packages\_pytest\fixtures.py:726: in _get_active_fixturedef
    fixturedef.execute(request=subrequest)
.venv_new\Lib\site-packages\_pytest\fixtures.py:1181: in execute
    fixturedef = request._get_active_fixturedef(argname)
                 ^^^^^^^^^^^^^^^^^^^^^^^^^^^^^^^^^^^^^^^
.venv_new\Lib\site-packages\_pytest\fixtures.py:726: in _get_active_fixturedef
    fixturedef.execute(request=subrequest)
.venv_new\Lib\site-packages\_pytest\fixtures.py:1232: in execute
    result: FixtureValue = ihook.pytest_fixture_setup(
.venv_new\Lib\site-packages\pluggy\_hooks.py:512: in __call__
    return self._hookexec(self.name, self._hookimpls.copy(), kwargs, firstresult)
           ^^^^^^^^^^^^^^^^^^^^^^^^^^^^^^^^^^^^^^^^^^^^^^^^^^^^^^^^^^^^^^^^^^^^^^
.venv_new\Lib\site-packages\pluggy\_manager.py:120: in _hookexec
    return self._inner_hookexec(hook_name, methods, kwargs, firstresult)
           ^^^^^^^^^^^^^^^^^^^^^^^^^^^^^^^^^^^^^^^^^^^^^^^^^^^^^^^^^^^^^
.venv_new\Lib\site-packages\_pytest\setuponly.py:36: in pytest_fixture_setup
    return (yield)
            ^^^^^
.venv_new\Lib\site-packages\_pytest\fixtures.py:1328: in pytest_fixture_setup
    result = call_fixture_func(fixturefunc, request, kwargs)
             ^^^^^^^^^^^^^^^^^^^^^^^^^^^^^^^^^^^^^^^^^^^^^^^
.venv_new\Lib\site-packages\_pytest\fixtures.py:998: in call_fixture_func
    fixture_result = next(generator)
                     ^^^^^^^^^^^^^^^
.venv_new\Lib\site-packages\_pytest\tmpdir.py:300: in tmp_path
    path = _mk_tmp(request, tmp_path_factory)
           ^^^^^^^^^^^^^^^^^^^^^^^^^^^^^^^^^^
.venv_new\Lib\site-packages\_pytest\tmpdir.py:287: in _mk_tmp
    return factory.mktemp(name, numbered=True)
           ^^^^^^^^^^^^^^^^^^^^^^^^^^^^^^^^^^^
.venv_new\Lib\site-packages\_pytest\tmpdir.py:136: in mktemp
    basename = self._ensure_relative_to_basetemp(basename)
               ^^^^^^^^^^^^^^^^^^^^^^^^^^^^^^^^^^^^^^^^^^^
.venv_new\Lib\site-packages\_pytest\tmpdir.py:117: in _ensure_relative_to_basetemp
    if (self.getbasetemp() / basename).resolve().parent != self.getbasetemp():
        ^^^^^^^^^^^^^^^^^^
.venv_new\Lib\site-packages\_pytest\tmpdir.py:213: in getbasetemp
    basetemp = make_numbered_dir_with_cleanup(
.venv_new\Lib\site-packages\_pytest\pathlib.py:420: in make_numbered_dir_with_cleanup
    raise e
.venv_new\Lib\site-packages\_pytest\pathlib.py:401: in make_numbered_dir_with_cleanup
    p = make_numbered_dir(root, prefix, mode)
        ^^^^^^^^^^^^^^^^^^^^^^^^^^^^^^^^^^^^^
.venv_new\Lib\site-packages\_pytest\pathlib.py:228: in make_numbered_dir
    max_existing = max(map(parse_num, find_suffixes(root, prefix)), default=-1)
                   ^^^^^^^^^^^^^^^^^^^^^^^^^^^^^^^^^^^^^^^^^^^^^^^^^^^^^^^^^^^^
.venv_new\Lib\site-packages\_pytest\pathlib.py:187: in extract_suffixes
    for entry in iter:
                 ^^^^
.venv_new\Lib\site-packages\_pytest\pathlib.py:175: in find_prefixed
    for x in os.scandir(root):
             ^^^^^^^^^^^^^^^^
E   PermissionError: [WinError 5] Access is denied: 'C:\\Users\\Mark\\AppData\\Local\\Temp\\pytest-of-Mark'
_ ERROR at setup of test_graft_preserves_members_and_receiving_book_order[merge_adopt-False-True] _
.venv_new\Lib\site-packages\_pytest\runner.py:361: in from_call
    result: TResult | None = func()
                             ^^^^^^
.venv_new\Lib\site-packages\_pytest\runner.py:250: in <lambda>
    lambda: runtest_hook(item=item, **kwds),
            ^^^^^^^^^^^^^^^^^^^^^^^^^^^^^^^
.venv_new\Lib\site-packages\pluggy\_hooks.py:512: in __call__
    return self._hookexec(self.name, self._hookimpls.copy(), kwargs, firstresult)
           ^^^^^^^^^^^^^^^^^^^^^^^^^^^^^^^^^^^^^^^^^^^^^^^^^^^^^^^^^^^^^^^^^^^^^^
.venv_new\Lib\site-packages\pluggy\_manager.py:120: in _hookexec
    return self._inner_hookexec(hook_name, methods, kwargs, firstresult)
           ^^^^^^^^^^^^^^^^^^^^^^^^^^^^^^^^^^^^^^^^^^^^^^^^^^^^^^^^^^^^^
.venv_new\Lib\site-packages\_pytest\logging.py:858: in pytest_runtest_setup
    yield
.venv_new\Lib\site-packages\_pytest\capture.py:895: in pytest_runtest_setup
    return (yield)
            ^^^^^
.venv_new\Lib\site-packages\_pytest\runner.py:170: in pytest_runtest_setup
    item.session._setupstate.setup(item)
.venv_new\Lib\site-packages\_pytest\runner.py:536: in setup
    col.setup()
.venv_new\Lib\site-packages\_pytest\python.py:1710: in setup
    self._request._fillfixtures()
.venv_new\Lib\site-packages\_pytest\fixtures.py:806: in _fillfixtures
    item.funcargs[argname] = self.getfixturevalue(argname)
                             ^^^^^^^^^^^^^^^^^^^^^^^^^^^^^
.venv_new\Lib\site-packages\_pytest\fixtures.py:630: in getfixturevalue
    fixturedef = self._get_active_fixturedef(argname)
                 ^^^^^^^^^^^^^^^^^^^^^^^^^^^^^^^^^^^^
.venv_new\Lib\site-packages\_pytest\fixtures.py:726: in _get_active_fixturedef
    fixturedef.execute(request=subrequest)
.venv_new\Lib\site-packages\_pytest\fixtures.py:1181: in execute
    fixturedef = request._get_active_fixturedef(argname)
                 ^^^^^^^^^^^^^^^^^^^^^^^^^^^^^^^^^^^^^^^
.venv_new\Lib\site-packages\_pytest\fixtures.py:726: in _get_active_fixturedef
    fixturedef.execute(request=subrequest)
.venv_new\Lib\site-packages\_pytest\fixtures.py:1232: in execute
    result: FixtureValue = ihook.pytest_fixture_setup(
.venv_new\Lib\site-packages\pluggy\_hooks.py:512: in __call__
    return self._hookexec(self.name, self._hookimpls.copy(), kwargs, firstresult)
           ^^^^^^^^^^^^^^^^^^^^^^^^^^^^^^^^^^^^^^^^^^^^^^^^^^^^^^^^^^^^^^^^^^^^^^
.venv_new\Lib\site-packages\pluggy\_manager.py:120: in _hookexec
    return self._inner_hookexec(hook_name, methods, kwargs, firstresult)
           ^^^^^^^^^^^^^^^^^^^^^^^^^^^^^^^^^^^^^^^^^^^^^^^^^^^^^^^^^^^^^
.venv_new\Lib\site-packages\_pytest\setuponly.py:36: in pytest_fixture_setup
    return (yield)
            ^^^^^
.venv_new\Lib\site-packages\_pytest\fixtures.py:1328: in pytest_fixture_setup
    result = call_fixture_func(fixturefunc, request, kwargs)
             ^^^^^^^^^^^^^^^^^^^^^^^^^^^^^^^^^^^^^^^^^^^^^^^
.venv_new\Lib\site-packages\_pytest\fixtures.py:998: in call_fixture_func
    fixture_result = next(generator)
                     ^^^^^^^^^^^^^^^
.venv_new\Lib\site-packages\_pytest\tmpdir.py:300: in tmp_path
    path = _mk_tmp(request, tmp_path_factory)
           ^^^^^^^^^^^^^^^^^^^^^^^^^^^^^^^^^^
.venv_new\Lib\site-packages\_pytest\tmpdir.py:287: in _mk_tmp
    return factory.mktemp(name, numbered=True)
           ^^^^^^^^^^^^^^^^^^^^^^^^^^^^^^^^^^^
.venv_new\Lib\site-packages\_pytest\tmpdir.py:136: in mktemp
    basename = self._ensure_relative_to_basetemp(basename)
               ^^^^^^^^^^^^^^^^^^^^^^^^^^^^^^^^^^^^^^^^^^^
.venv_new\Lib\site-packages\_pytest\tmpdir.py:117: in _ensure_relative_to_basetemp
    if (self.getbasetemp() / basename).resolve().parent != self.getbasetemp():
        ^^^^^^^^^^^^^^^^^^
.venv_new\Lib\site-packages\_pytest\tmpdir.py:213: in getbasetemp
    basetemp = make_numbered_dir_with_cleanup(
.venv_new\Lib\site-packages\_pytest\pathlib.py:420: in make_numbered_dir_with_cleanup
    raise e
.venv_new\Lib\site-packages\_pytest\pathlib.py:401: in make_numbered_dir_with_cleanup
    p = make_numbered_dir(root, prefix, mode)
        ^^^^^^^^^^^^^^^^^^^^^^^^^^^^^^^^^^^^^
.venv_new\Lib\site-packages\_pytest\pathlib.py:228: in make_numbered_dir
    max_existing = max(map(parse_num, find_suffixes(root, prefix)), default=-1)
                   ^^^^^^^^^^^^^^^^^^^^^^^^^^^^^^^^^^^^^^^^^^^^^^^^^^^^^^^^^^^^
.venv_new\Lib\site-packages\_pytest\pathlib.py:187: in extract_suffixes
    for entry in iter:
                 ^^^^
.venv_new\Lib\site-packages\_pytest\pathlib.py:175: in find_prefixed
    for x in os.scandir(root):
             ^^^^^^^^^^^^^^^^
E   PermissionError: [WinError 5] Access is denied: 'C:\\Users\\Mark\\AppData\\Local\\Temp\\pytest-of-Mark'
_ ERROR at setup of test_graft_preserves_members_and_receiving_book_order[merge_adopt-True-False] _
.venv_new\Lib\site-packages\_pytest\runner.py:361: in from_call
    result: TResult | None = func()
                             ^^^^^^
.venv_new\Lib\site-packages\_pytest\runner.py:250: in <lambda>
    lambda: runtest_hook(item=item, **kwds),
            ^^^^^^^^^^^^^^^^^^^^^^^^^^^^^^^
.venv_new\Lib\site-packages\pluggy\_hooks.py:512: in __call__
    return self._hookexec(self.name, self._hookimpls.copy(), kwargs, firstresult)
           ^^^^^^^^^^^^^^^^^^^^^^^^^^^^^^^^^^^^^^^^^^^^^^^^^^^^^^^^^^^^^^^^^^^^^^
.venv_new\Lib\site-packages\pluggy\_manager.py:120: in _hookexec
    return self._inner_hookexec(hook_name, methods, kwargs, firstresult)
           ^^^^^^^^^^^^^^^^^^^^^^^^^^^^^^^^^^^^^^^^^^^^^^^^^^^^^^^^^^^^^
.venv_new\Lib\site-packages\_pytest\logging.py:858: in pytest_runtest_setup
    yield
.venv_new\Lib\site-packages\_pytest\capture.py:895: in pytest_runtest_setup
    return (yield)
            ^^^^^
.venv_new\Lib\site-packages\_pytest\runner.py:170: in pytest_runtest_setup
    item.session._setupstate.setup(item)
.venv_new\Lib\site-packages\_pytest\runner.py:536: in setup
    col.setup()
.venv_new\Lib\site-packages\_pytest\python.py:1710: in setup
    self._request._fillfixtures()
.venv_new\Lib\site-packages\_pytest\fixtures.py:806: in _fillfixtures
    item.funcargs[argname] = self.getfixturevalue(argname)
                             ^^^^^^^^^^^^^^^^^^^^^^^^^^^^^
.venv_new\Lib\site-packages\_pytest\fixtures.py:630: in getfixturevalue
    fixturedef = self._get_active_fixturedef(argname)
                 ^^^^^^^^^^^^^^^^^^^^^^^^^^^^^^^^^^^^
.venv_new\Lib\site-packages\_pytest\fixtures.py:726: in _get_active_fixturedef
    fixturedef.execute(request=subrequest)
.venv_new\Lib\site-packages\_pytest\fixtures.py:1181: in execute
    fixturedef = request._get_active_fixturedef(argname)
                 ^^^^^^^^^^^^^^^^^^^^^^^^^^^^^^^^^^^^^^^
.venv_new\Lib\site-packages\_pytest\fixtures.py:726: in _get_active_fixturedef
    fixturedef.execute(request=subrequest)
.venv_new\Lib\site-packages\_pytest\fixtures.py:1232: in execute
    result: FixtureValue = ihook.pytest_fixture_setup(
.venv_new\Lib\site-packages\pluggy\_hooks.py:512: in __call__
    return self._hookexec(self.name, self._hookimpls.copy(), kwargs, firstresult)
           ^^^^^^^^^^^^^^^^^^^^^^^^^^^^^^^^^^^^^^^^^^^^^^^^^^^^^^^^^^^^^^^^^^^^^^
.venv_new\Lib\site-packages\pluggy\_manager.py:120: in _hookexec
    return self._inner_hookexec(hook_name, methods, kwargs, firstresult)
           ^^^^^^^^^^^^^^^^^^^^^^^^^^^^^^^^^^^^^^^^^^^^^^^^^^^^^^^^^^^^^
.venv_new\Lib\site-packages\_pytest\setuponly.py:36: in pytest_fixture_setup
    return (yield)
            ^^^^^
.venv_new\Lib\site-packages\_pytest\fixtures.py:1328: in pytest_fixture_setup
    result = call_fixture_func(fixturefunc, request, kwargs)
             ^^^^^^^^^^^^^^^^^^^^^^^^^^^^^^^^^^^^^^^^^^^^^^^
.venv_new\Lib\site-packages\_pytest\fixtures.py:998: in call_fixture_func
    fixture_result = next(generator)
                     ^^^^^^^^^^^^^^^
.venv_new\Lib\site-packages\_pytest\tmpdir.py:300: in tmp_path
    path = _mk_tmp(request, tmp_path_factory)
           ^^^^^^^^^^^^^^^^^^^^^^^^^^^^^^^^^^
.venv_new\Lib\site-packages\_pytest\tmpdir.py:287: in _mk_tmp
    return factory.mktemp(name, numbered=True)
           ^^^^^^^^^^^^^^^^^^^^^^^^^^^^^^^^^^^
.venv_new\Lib\site-packages\_pytest\tmpdir.py:136: in mktemp
    basename = self._ensure_relative_to_basetemp(basename)
               ^^^^^^^^^^^^^^^^^^^^^^^^^^^^^^^^^^^^^^^^^^^
.venv_new\Lib\site-packages\_pytest\tmpdir.py:117: in _ensure_relative_to_basetemp
    if (self.getbasetemp() / basename).resolve().parent != self.getbasetemp():
        ^^^^^^^^^^^^^^^^^^
.venv_new\Lib\site-packages\_pytest\tmpdir.py:213: in getbasetemp
    basetemp = make_numbered_dir_with_cleanup(
.venv_new\Lib\site-packages\_pytest\pathlib.py:420: in make_numbered_dir_with_cleanup
    raise e
.venv_new\Lib\site-packages\_pytest\pathlib.py:401: in make_numbered_dir_with_cleanup
    p = make_numbered_dir(root, prefix, mode)
        ^^^^^^^^^^^^^^^^^^^^^^^^^^^^^^^^^^^^^
.venv_new\Lib\site-packages\_pytest\pathlib.py:228: in make_numbered_dir
    max_existing = max(map(parse_num, find_suffixes(root, prefix)), default=-1)
                   ^^^^^^^^^^^^^^^^^^^^^^^^^^^^^^^^^^^^^^^^^^^^^^^^^^^^^^^^^^^^
.venv_new\Lib\site-packages\_pytest\pathlib.py:187: in extract_suffixes
    for entry in iter:
                 ^^^^
.venv_new\Lib\site-packages\_pytest\pathlib.py:175: in find_prefixed
    for x in os.scandir(root):
             ^^^^^^^^^^^^^^^^
E   PermissionError: [WinError 5] Access is denied: 'C:\\Users\\Mark\\AppData\\Local\\Temp\\pytest-of-Mark'
_ ERROR at setup of test_graft_preserves_members_and_receiving_book_order[merge_adopt-True-True] _
.venv_new\Lib\site-packages\_pytest\runner.py:361: in from_call
    result: TResult | None = func()
                             ^^^^^^
.venv_new\Lib\site-packages\_pytest\runner.py:250: in <lambda>
    lambda: runtest_hook(item=item, **kwds),
            ^^^^^^^^^^^^^^^^^^^^^^^^^^^^^^^
.venv_new\Lib\site-packages\pluggy\_hooks.py:512: in __call__
    return self._hookexec(self.name, self._hookimpls.copy(), kwargs, firstresult)
           ^^^^^^^^^^^^^^^^^^^^^^^^^^^^^^^^^^^^^^^^^^^^^^^^^^^^^^^^^^^^^^^^^^^^^^
.venv_new\Lib\site-packages\pluggy\_manager.py:120: in _hookexec
    return self._inner_hookexec(hook_name, methods, kwargs, firstresult)
           ^^^^^^^^^^^^^^^^^^^^^^^^^^^^^^^^^^^^^^^^^^^^^^^^^^^^^^^^^^^^^
.venv_new\Lib\site-packages\_pytest\logging.py:858: in pytest_runtest_setup
    yield
.venv_new\Lib\site-packages\_pytest\capture.py:895: in pytest_runtest_setup
    return (yield)
            ^^^^^
.venv_new\Lib\site-packages\_pytest\runner.py:170: in pytest_runtest_setup
    item.session._setupstate.setup(item)
.venv_new\Lib\site-packages\_pytest\runner.py:536: in setup
    col.setup()
.venv_new\Lib\site-packages\_pytest\python.py:1710: in setup
    self._request._fillfixtures()
.venv_new\Lib\site-packages\_pytest\fixtures.py:806: in _fillfixtures
    item.funcargs[argname] = self.getfixturevalue(argname)
                             ^^^^^^^^^^^^^^^^^^^^^^^^^^^^^
.venv_new\Lib\site-packages\_pytest\fixtures.py:630: in getfixturevalue
    fixturedef = self._get_active_fixturedef(argname)
                 ^^^^^^^^^^^^^^^^^^^^^^^^^^^^^^^^^^^^
.venv_new\Lib\site-packages\_pytest\fixtures.py:726: in _get_active_fixturedef
    fixturedef.execute(request=subrequest)
.venv_new\Lib\site-packages\_pytest\fixtures.py:1181: in execute
    fixturedef = request._get_active_fixturedef(argname)
                 ^^^^^^^^^^^^^^^^^^^^^^^^^^^^^^^^^^^^^^^
.venv_new\Lib\site-packages\_pytest\fixtures.py:726: in _get_active_fixturedef
    fixturedef.execute(request=subrequest)
.venv_new\Lib\site-packages\_pytest\fixtures.py:1232: in execute
    result: FixtureValue = ihook.pytest_fixture_setup(
.venv_new\Lib\site-packages\pluggy\_hooks.py:512: in __call__
    return self._hookexec(self.name, self._hookimpls.copy(), kwargs, firstresult)
           ^^^^^^^^^^^^^^^^^^^^^^^^^^^^^^^^^^^^^^^^^^^^^^^^^^^^^^^^^^^^^^^^^^^^^^
.venv_new\Lib\site-packages\pluggy\_manager.py:120: in _hookexec
    return self._inner_hookexec(hook_name, methods, kwargs, firstresult)
           ^^^^^^^^^^^^^^^^^^^^^^^^^^^^^^^^^^^^^^^^^^^^^^^^^^^^^^^^^^^^^
.venv_new\Lib\site-packages\_pytest\setuponly.py:36: in pytest_fixture_setup
    return (yield)
            ^^^^^
.venv_new\Lib\site-packages\_pytest\fixtures.py:1328: in pytest_fixture_setup
    result = call_fixture_func(fixturefunc, request, kwargs)
             ^^^^^^^^^^^^^^^^^^^^^^^^^^^^^^^^^^^^^^^^^^^^^^^
.venv_new\Lib\site-packages\_pytest\fixtures.py:998: in call_fixture_func
    fixture_result = next(generator)
                     ^^^^^^^^^^^^^^^
.venv_new\Lib\site-packages\_pytest\tmpdir.py:300: in tmp_path
    path = _mk_tmp(request, tmp_path_factory)
           ^^^^^^^^^^^^^^^^^^^^^^^^^^^^^^^^^^
.venv_new\Lib\site-packages\_pytest\tmpdir.py:287: in _mk_tmp
    return factory.mktemp(name, numbered=True)
           ^^^^^^^^^^^^^^^^^^^^^^^^^^^^^^^^^^^
.venv_new\Lib\site-packages\_pytest\tmpdir.py:136: in mktemp
    basename = self._ensure_relative_to_basetemp(basename)
               ^^^^^^^^^^^^^^^^^^^^^^^^^^^^^^^^^^^^^^^^^^^
.venv_new\Lib\site-packages\_pytest\tmpdir.py:117: in _ensure_relative_to_basetemp
    if (self.getbasetemp() / basename).resolve().parent != self.getbasetemp():
        ^^^^^^^^^^^^^^^^^^
.venv_new\Lib\site-packages\_pytest\tmpdir.py:213: in getbasetemp
    basetemp = make_numbered_dir_with_cleanup(
.venv_new\Lib\site-packages\_pytest\pathlib.py:420: in make_numbered_dir_with_cleanup
    raise e
.venv_new\Lib\site-packages\_pytest\pathlib.py:401: in make_numbered_dir_with_cleanup
    p = make_numbered_dir(root, prefix, mode)
        ^^^^^^^^^^^^^^^^^^^^^^^^^^^^^^^^^^^^^
.venv_new\Lib\site-packages\_pytest\pathlib.py:228: in make_numbered_dir
    max_existing = max(map(parse_num, find_suffixes(root, prefix)), default=-1)
                   ^^^^^^^^^^^^^^^^^^^^^^^^^^^^^^^^^^^^^^^^^^^^^^^^^^^^^^^^^^^^
.venv_new\Lib\site-packages\_pytest\pathlib.py:187: in extract_suffixes
    for entry in iter:
                 ^^^^
.venv_new\Lib\site-packages\_pytest\pathlib.py:175: in find_prefixed
    for x in os.scandir(root):
             ^^^^^^^^^^^^^^^^
E   PermissionError: [WinError 5] Access is denied: 'C:\\Users\\Mark\\AppData\\Local\\Temp\\pytest-of-Mark'
_ ERROR at setup of test_restore_changed_ids_preserves_anchor_and_exact_selected_member[False] _
.venv_new\Lib\site-packages\_pytest\runner.py:361: in from_call
    result: TResult | None = func()
                             ^^^^^^
.venv_new\Lib\site-packages\_pytest\runner.py:250: in <lambda>
    lambda: runtest_hook(item=item, **kwds),
            ^^^^^^^^^^^^^^^^^^^^^^^^^^^^^^^
.venv_new\Lib\site-packages\pluggy\_hooks.py:512: in __call__
    return self._hookexec(self.name, self._hookimpls.copy(), kwargs, firstresult)
           ^^^^^^^^^^^^^^^^^^^^^^^^^^^^^^^^^^^^^^^^^^^^^^^^^^^^^^^^^^^^^^^^^^^^^^
.venv_new\Lib\site-packages\pluggy\_manager.py:120: in _hookexec
    return self._inner_hookexec(hook_name, methods, kwargs, firstresult)
           ^^^^^^^^^^^^^^^^^^^^^^^^^^^^^^^^^^^^^^^^^^^^^^^^^^^^^^^^^^^^^
.venv_new\Lib\site-packages\_pytest\logging.py:858: in pytest_runtest_setup
    yield
.venv_new\Lib\site-packages\_pytest\capture.py:895: in pytest_runtest_setup
    return (yield)
            ^^^^^
.venv_new\Lib\site-packages\_pytest\runner.py:170: in pytest_runtest_setup
    item.session._setupstate.setup(item)
.venv_new\Lib\site-packages\_pytest\runner.py:536: in setup
    col.setup()
.venv_new\Lib\site-packages\_pytest\python.py:1710: in setup
    self._request._fillfixtures()
.venv_new\Lib\site-packages\_pytest\fixtures.py:806: in _fillfixtures
    item.funcargs[argname] = self.getfixturevalue(argname)
                             ^^^^^^^^^^^^^^^^^^^^^^^^^^^^^
.venv_new\Lib\site-packages\_pytest\fixtures.py:630: in getfixturevalue
    fixturedef = self._get_active_fixturedef(argname)
                 ^^^^^^^^^^^^^^^^^^^^^^^^^^^^^^^^^^^^
.venv_new\Lib\site-packages\_pytest\fixtures.py:726: in _get_active_fixturedef
    fixturedef.execute(request=subrequest)
.venv_new\Lib\site-packages\_pytest\fixtures.py:1181: in execute
    fixturedef = request._get_active_fixturedef(argname)
                 ^^^^^^^^^^^^^^^^^^^^^^^^^^^^^^^^^^^^^^^
.venv_new\Lib\site-packages\_pytest\fixtures.py:726: in _get_active_fixturedef
    fixturedef.execute(request=subrequest)
.venv_new\Lib\site-packages\_pytest\fixtures.py:1232: in execute
    result: FixtureValue = ihook.pytest_fixture_setup(
.venv_new\Lib\site-packages\pluggy\_hooks.py:512: in __call__
    return self._hookexec(self.name, self._hookimpls.copy(), kwargs, firstresult)
           ^^^^^^^^^^^^^^^^^^^^^^^^^^^^^^^^^^^^^^^^^^^^^^^^^^^^^^^^^^^^^^^^^^^^^^
.venv_new\Lib\site-packages\pluggy\_manager.py:120: in _hookexec
    return self._inner_hookexec(hook_name, methods, kwargs, firstresult)
           ^^^^^^^^^^^^^^^^^^^^^^^^^^^^^^^^^^^^^^^^^^^^^^^^^^^^^^^^^^^^^
.venv_new\Lib\site-packages\_pytest\setuponly.py:36: in pytest_fixture_setup
    return (yield)
            ^^^^^
.venv_new\Lib\site-packages\_pytest\fixtures.py:1328: in pytest_fixture_setup
    result = call_fixture_func(fixturefunc, request, kwargs)
             ^^^^^^^^^^^^^^^^^^^^^^^^^^^^^^^^^^^^^^^^^^^^^^^
.venv_new\Lib\site-packages\_pytest\fixtures.py:998: in call_fixture_func
    fixture_result = next(generator)
                     ^^^^^^^^^^^^^^^
.venv_new\Lib\site-packages\_pytest\tmpdir.py:300: in tmp_path
    path = _mk_tmp(request, tmp_path_factory)
           ^^^^^^^^^^^^^^^^^^^^^^^^^^^^^^^^^^
.venv_new\Lib\site-packages\_pytest\tmpdir.py:287: in _mk_tmp
    return factory.mktemp(name, numbered=True)
           ^^^^^^^^^^^^^^^^^^^^^^^^^^^^^^^^^^^
.venv_new\Lib\site-packages\_pytest\tmpdir.py:136: in mktemp
    basename = self._ensure_relative_to_basetemp(basename)
               ^^^^^^^^^^^^^^^^^^^^^^^^^^^^^^^^^^^^^^^^^^^
.venv_new\Lib\site-packages\_pytest\tmpdir.py:117: in _ensure_relative_to_basetemp
    if (self.getbasetemp() / basename).resolve().parent != self.getbasetemp():
        ^^^^^^^^^^^^^^^^^^
.venv_new\Lib\site-packages\_pytest\tmpdir.py:213: in getbasetemp
    basetemp = make_numbered_dir_with_cleanup(
.venv_new\Lib\site-packages\_pytest\pathlib.py:420: in make_numbered_dir_with_cleanup
    raise e
.venv_new\Lib\site-packages\_pytest\pathlib.py:401: in make_numbered_dir_with_cleanup
    p = make_numbered_dir(root, prefix, mode)
        ^^^^^^^^^^^^^^^^^^^^^^^^^^^^^^^^^^^^^
.venv_new\Lib\site-packages\_pytest\pathlib.py:228: in make_numbered_dir
    max_existing = max(map(parse_num, find_suffixes(root, prefix)), default=-1)
                   ^^^^^^^^^^^^^^^^^^^^^^^^^^^^^^^^^^^^^^^^^^^^^^^^^^^^^^^^^^^^
.venv_new\Lib\site-packages\_pytest\pathlib.py:187: in extract_suffixes
    for entry in iter:
                 ^^^^
.venv_new\Lib\site-packages\_pytest\pathlib.py:175: in find_prefixed
    for x in os.scandir(root):
             ^^^^^^^^^^^^^^^^
E   PermissionError: [WinError 5] Access is denied: 'C:\\Users\\Mark\\AppData\\Local\\Temp\\pytest-of-Mark'
_ ERROR at setup of test_restore_changed_ids_preserves_anchor_and_exact_selected_member[True] _
.venv_new\Lib\site-packages\_pytest\runner.py:361: in from_call
    result: TResult | None = func()
                             ^^^^^^
.venv_new\Lib\site-packages\_pytest\runner.py:250: in <lambda>
    lambda: runtest_hook(item=item, **kwds),
            ^^^^^^^^^^^^^^^^^^^^^^^^^^^^^^^
.venv_new\Lib\site-packages\pluggy\_hooks.py:512: in __call__
    return self._hookexec(self.name, self._hookimpls.copy(), kwargs, firstresult)
           ^^^^^^^^^^^^^^^^^^^^^^^^^^^^^^^^^^^^^^^^^^^^^^^^^^^^^^^^^^^^^^^^^^^^^^
.venv_new\Lib\site-packages\pluggy\_manager.py:120: in _hookexec
    return self._inner_hookexec(hook_name, methods, kwargs, firstresult)
           ^^^^^^^^^^^^^^^^^^^^^^^^^^^^^^^^^^^^^^^^^^^^^^^^^^^^^^^^^^^^^
.venv_new\Lib\site-packages\_pytest\logging.py:858: in pytest_runtest_setup
    yield
.venv_new\Lib\site-packages\_pytest\capture.py:895: in pytest_runtest_setup
    return (yield)
            ^^^^^
.venv_new\Lib\site-packages\_pytest\runner.py:170: in pytest_runtest_setup
    item.session._setupstate.setup(item)
.venv_new\Lib\site-packages\_pytest\runner.py:536: in setup
    col.setup()
.venv_new\Lib\site-packages\_pytest\python.py:1710: in setup
    self._request._fillfixtures()
.venv_new\Lib\site-packages\_pytest\fixtures.py:806: in _fillfixtures
    item.funcargs[argname] = self.getfixturevalue(argname)
                             ^^^^^^^^^^^^^^^^^^^^^^^^^^^^^
.venv_new\Lib\site-packages\_pytest\fixtures.py:630: in getfixturevalue
    fixturedef = self._get_active_fixturedef(argname)
                 ^^^^^^^^^^^^^^^^^^^^^^^^^^^^^^^^^^^^
.venv_new\Lib\site-packages\_pytest\fixtures.py:726: in _get_active_fixturedef
    fixturedef.execute(request=subrequest)
.venv_new\Lib\site-packages\_pytest\fixtures.py:1181: in execute
    fixturedef = request._get_active_fixturedef(argname)
                 ^^^^^^^^^^^^^^^^^^^^^^^^^^^^^^^^^^^^^^^
.venv_new\Lib\site-packages\_pytest\fixtures.py:726: in _get_active_fixturedef
    fixturedef.execute(request=subrequest)
.venv_new\Lib\site-packages\_pytest\fixtures.py:1232: in execute
    result: FixtureValue = ihook.pytest_fixture_setup(
.venv_new\Lib\site-packages\pluggy\_hooks.py:512: in __call__
    return self._hookexec(self.name, self._hookimpls.copy(), kwargs, firstresult)
           ^^^^^^^^^^^^^^^^^^^^^^^^^^^^^^^^^^^^^^^^^^^^^^^^^^^^^^^^^^^^^^^^^^^^^^
.venv_new\Lib\site-packages\pluggy\_manager.py:120: in _hookexec
    return self._inner_hookexec(hook_name, methods, kwargs, firstresult)
           ^^^^^^^^^^^^^^^^^^^^^^^^^^^^^^^^^^^^^^^^^^^^^^^^^^^^^^^^^^^^^
.venv_new\Lib\site-packages\_pytest\setuponly.py:36: in pytest_fixture_setup
    return (yield)
            ^^^^^
.venv_new\Lib\site-packages\_pytest\fixtures.py:1328: in pytest_fixture_setup
    result = call_fixture_func(fixturefunc, request, kwargs)
             ^^^^^^^^^^^^^^^^^^^^^^^^^^^^^^^^^^^^^^^^^^^^^^^
.venv_new\Lib\site-packages\_pytest\fixtures.py:998: in call_fixture_func
    fixture_result = next(generator)
                     ^^^^^^^^^^^^^^^
.venv_new\Lib\site-packages\_pytest\tmpdir.py:300: in tmp_path
    path = _mk_tmp(request, tmp_path_factory)
           ^^^^^^^^^^^^^^^^^^^^^^^^^^^^^^^^^^
.venv_new\Lib\site-packages\_pytest\tmpdir.py:287: in _mk_tmp
    return factory.mktemp(name, numbered=True)
           ^^^^^^^^^^^^^^^^^^^^^^^^^^^^^^^^^^^
.venv_new\Lib\site-packages\_pytest\tmpdir.py:136: in mktemp
    basename = self._ensure_relative_to_basetemp(basename)
               ^^^^^^^^^^^^^^^^^^^^^^^^^^^^^^^^^^^^^^^^^^^
.venv_new\Lib\site-packages\_pytest\tmpdir.py:117: in _ensure_relative_to_basetemp
    if (self.getbasetemp() / basename).resolve().parent != self.getbasetemp():
        ^^^^^^^^^^^^^^^^^^
.venv_new\Lib\site-packages\_pytest\tmpdir.py:213: in getbasetemp
    basetemp = make_numbered_dir_with_cleanup(
.venv_new\Lib\site-packages\_pytest\pathlib.py:420: in make_numbered_dir_with_cleanup
    raise e
.venv_new\Lib\site-packages\_pytest\pathlib.py:401: in make_numbered_dir_with_cleanup
    p = make_numbered_dir(root, prefix, mode)
        ^^^^^^^^^^^^^^^^^^^^^^^^^^^^^^^^^^^^^
.venv_new\Lib\site-packages\_pytest\pathlib.py:228: in make_numbered_dir
    max_existing = max(map(parse_num, find_suffixes(root, prefix)), default=-1)
                   ^^^^^^^^^^^^^^^^^^^^^^^^^^^^^^^^^^^^^^^^^^^^^^^^^^^^^^^^^^^^
.venv_new\Lib\site-packages\_pytest\pathlib.py:187: in extract_suffixes
    for entry in iter:
                 ^^^^
.venv_new\Lib\site-packages\_pytest\pathlib.py:175: in find_prefixed
    for x in os.scandir(root):
             ^^^^^^^^^^^^^^^^
E   PermissionError: [WinError 5] Access is denied: 'C:\\Users\\Mark\\AppData\\Local\\Temp\\pytest-of-Mark'
_ ERROR at setup of test_merge_does_not_adopt_a_skipped_resident_selection[False] _
.venv_new\Lib\site-packages\_pytest\runner.py:361: in from_call
    result: TResult | None = func()
                             ^^^^^^
.venv_new\Lib\site-packages\_pytest\runner.py:250: in <lambda>
    lambda: runtest_hook(item=item, **kwds),
            ^^^^^^^^^^^^^^^^^^^^^^^^^^^^^^^
.venv_new\Lib\site-packages\pluggy\_hooks.py:512: in __call__
    return self._hookexec(self.name, self._hookimpls.copy(), kwargs, firstresult)
           ^^^^^^^^^^^^^^^^^^^^^^^^^^^^^^^^^^^^^^^^^^^^^^^^^^^^^^^^^^^^^^^^^^^^^^
.venv_new\Lib\site-packages\pluggy\_manager.py:120: in _hookexec
    return self._inner_hookexec(hook_name, methods, kwargs, firstresult)
           ^^^^^^^^^^^^^^^^^^^^^^^^^^^^^^^^^^^^^^^^^^^^^^^^^^^^^^^^^^^^^
.venv_new\Lib\site-packages\_pytest\logging.py:858: in pytest_runtest_setup
    yield
.venv_new\Lib\site-packages\_pytest\capture.py:895: in pytest_runtest_setup
    return (yield)
            ^^^^^
.venv_new\Lib\site-packages\_pytest\runner.py:170: in pytest_runtest_setup
    item.session._setupstate.setup(item)
.venv_new\Lib\site-packages\_pytest\runner.py:536: in setup
    col.setup()
.venv_new\Lib\site-packages\_pytest\python.py:1710: in setup
    self._request._fillfixtures()
.venv_new\Lib\site-packages\_pytest\fixtures.py:806: in _fillfixtures
    item.funcargs[argname] = self.getfixturevalue(argname)
                             ^^^^^^^^^^^^^^^^^^^^^^^^^^^^^
.venv_new\Lib\site-packages\_pytest\fixtures.py:630: in getfixturevalue
    fixturedef = self._get_active_fixturedef(argname)
                 ^^^^^^^^^^^^^^^^^^^^^^^^^^^^^^^^^^^^
.venv_new\Lib\site-packages\_pytest\fixtures.py:726: in _get_active_fixturedef
    fixturedef.execute(request=subrequest)
.venv_new\Lib\site-packages\_pytest\fixtures.py:1181: in execute
    fixturedef = request._get_active_fixturedef(argname)
                 ^^^^^^^^^^^^^^^^^^^^^^^^^^^^^^^^^^^^^^^
.venv_new\Lib\site-packages\_pytest\fixtures.py:726: in _get_active_fixturedef
    fixturedef.execute(request=subrequest)
.venv_new\Lib\site-packages\_pytest\fixtures.py:1232: in execute
    result: FixtureValue = ihook.pytest_fixture_setup(
.venv_new\Lib\site-packages\pluggy\_hooks.py:512: in __call__
    return self._hookexec(self.name, self._hookimpls.copy(), kwargs, firstresult)
           ^^^^^^^^^^^^^^^^^^^^^^^^^^^^^^^^^^^^^^^^^^^^^^^^^^^^^^^^^^^^^^^^^^^^^^
.venv_new\Lib\site-packages\pluggy\_manager.py:120: in _hookexec
    return self._inner_hookexec(hook_name, methods, kwargs, firstresult)
           ^^^^^^^^^^^^^^^^^^^^^^^^^^^^^^^^^^^^^^^^^^^^^^^^^^^^^^^^^^^^^
.venv_new\Lib\site-packages\_pytest\setuponly.py:36: in pytest_fixture_setup
    return (yield)
            ^^^^^
.venv_new\Lib\site-packages\_pytest\fixtures.py:1328: in pytest_fixture_setup
    result = call_fixture_func(fixturefunc, request, kwargs)
             ^^^^^^^^^^^^^^^^^^^^^^^^^^^^^^^^^^^^^^^^^^^^^^^
.venv_new\Lib\site-packages\_pytest\fixtures.py:998: in call_fixture_func
    fixture_result = next(generator)
                     ^^^^^^^^^^^^^^^
.venv_new\Lib\site-packages\_pytest\tmpdir.py:300: in tmp_path
    path = _mk_tmp(request, tmp_path_factory)
           ^^^^^^^^^^^^^^^^^^^^^^^^^^^^^^^^^^
.venv_new\Lib\site-packages\_pytest\tmpdir.py:287: in _mk_tmp
    return factory.mktemp(name, numbered=True)
           ^^^^^^^^^^^^^^^^^^^^^^^^^^^^^^^^^^^
.venv_new\Lib\site-packages\_pytest\tmpdir.py:136: in mktemp
    basename = self._ensure_relative_to_basetemp(basename)
               ^^^^^^^^^^^^^^^^^^^^^^^^^^^^^^^^^^^^^^^^^^^
.venv_new\Lib\site-packages\_pytest\tmpdir.py:117: in _ensure_relative_to_basetemp
    if (self.getbasetemp() / basename).resolve().parent != self.getbasetemp():
        ^^^^^^^^^^^^^^^^^^
.venv_new\Lib\site-packages\_pytest\tmpdir.py:213: in getbasetemp
    basetemp = make_numbered_dir_with_cleanup(
.venv_new\Lib\site-packages\_pytest\pathlib.py:420: in make_numbered_dir_with_cleanup
    raise e
.venv_new\Lib\site-packages\_pytest\pathlib.py:401: in make_numbered_dir_with_cleanup
    p = make_numbered_dir(root, prefix, mode)
        ^^^^^^^^^^^^^^^^^^^^^^^^^^^^^^^^^^^^^
.venv_new\Lib\site-packages\_pytest\pathlib.py:228: in make_numbered_dir
    max_existing = max(map(parse_num, find_suffixes(root, prefix)), default=-1)
                   ^^^^^^^^^^^^^^^^^^^^^^^^^^^^^^^^^^^^^^^^^^^^^^^^^^^^^^^^^^^^
.venv_new\Lib\site-packages\_pytest\pathlib.py:187: in extract_suffixes
    for entry in iter:
                 ^^^^
.venv_new\Lib\site-packages\_pytest\pathlib.py:175: in find_prefixed
    for x in os.scandir(root):
             ^^^^^^^^^^^^^^^^
E   PermissionError: [WinError 5] Access is denied: 'C:\\Users\\Mark\\AppData\\Local\\Temp\\pytest-of-Mark'
_ ERROR at setup of test_merge_does_not_adopt_a_skipped_resident_selection[True] _
.venv_new\Lib\site-packages\_pytest\runner.py:361: in from_call
    result: TResult | None = func()
                             ^^^^^^
.venv_new\Lib\site-packages\_pytest\runner.py:250: in <lambda>
    lambda: runtest_hook(item=item, **kwds),
            ^^^^^^^^^^^^^^^^^^^^^^^^^^^^^^^
.venv_new\Lib\site-packages\pluggy\_hooks.py:512: in __call__
    return self._hookexec(self.name, self._hookimpls.copy(), kwargs, firstresult)
           ^^^^^^^^^^^^^^^^^^^^^^^^^^^^^^^^^^^^^^^^^^^^^^^^^^^^^^^^^^^^^^^^^^^^^^
.venv_new\Lib\site-packages\pluggy\_manager.py:120: in _hookexec
    return self._inner_hookexec(hook_name, methods, kwargs, firstresult)
           ^^^^^^^^^^^^^^^^^^^^^^^^^^^^^^^^^^^^^^^^^^^^^^^^^^^^^^^^^^^^^
.venv_new\Lib\site-packages\_pytest\logging.py:858: in pytest_runtest_setup
    yield
.venv_new\Lib\site-packages\_pytest\capture.py:895: in pytest_runtest_setup
    return (yield)
            ^^^^^
.venv_new\Lib\site-packages\_pytest\runner.py:170: in pytest_runtest_setup
    item.session._setupstate.setup(item)
.venv_new\Lib\site-packages\_pytest\runner.py:536: in setup
    col.setup()
.venv_new\Lib\site-packages\_pytest\python.py:1710: in setup
    self._request._fillfixtures()
.venv_new\Lib\site-packages\_pytest\fixtures.py:806: in _fillfixtures
    item.funcargs[argname] = self.getfixturevalue(argname)
                             ^^^^^^^^^^^^^^^^^^^^^^^^^^^^^
.venv_new\Lib\site-packages\_pytest\fixtures.py:630: in getfixturevalue
    fixturedef = self._get_active_fixturedef(argname)
                 ^^^^^^^^^^^^^^^^^^^^^^^^^^^^^^^^^^^^
.venv_new\Lib\site-packages\_pytest\fixtures.py:726: in _get_active_fixturedef
    fixturedef.execute(request=subrequest)
.venv_new\Lib\site-packages\_pytest\fixtures.py:1181: in execute
    fixturedef = request._get_active_fixturedef(argname)
                 ^^^^^^^^^^^^^^^^^^^^^^^^^^^^^^^^^^^^^^^
.venv_new\Lib\site-packages\_pytest\fixtures.py:726: in _get_active_fixturedef
    fixturedef.execute(request=subrequest)
.venv_new\Lib\site-packages\_pytest\fixtures.py:1232: in execute
    result: FixtureValue = ihook.pytest_fixture_setup(
.venv_new\Lib\site-packages\pluggy\_hooks.py:512: in __call__
    return self._hookexec(self.name, self._hookimpls.copy(), kwargs, firstresult)
           ^^^^^^^^^^^^^^^^^^^^^^^^^^^^^^^^^^^^^^^^^^^^^^^^^^^^^^^^^^^^^^^^^^^^^^
.venv_new\Lib\site-packages\pluggy\_manager.py:120: in _hookexec
    return self._inner_hookexec(hook_name, methods, kwargs, firstresult)
           ^^^^^^^^^^^^^^^^^^^^^^^^^^^^^^^^^^^^^^^^^^^^^^^^^^^^^^^^^^^^^
.venv_new\Lib\site-packages\_pytest\setuponly.py:36: in pytest_fixture_setup
    return (yield)
            ^^^^^
.venv_new\Lib\site-packages\_pytest\fixtures.py:1328: in pytest_fixture_setup
    result = call_fixture_func(fixturefunc, request, kwargs)
             ^^^^^^^^^^^^^^^^^^^^^^^^^^^^^^^^^^^^^^^^^^^^^^^
.venv_new\Lib\site-packages\_pytest\fixtures.py:998: in call_fixture_func
    fixture_result = next(generator)
                     ^^^^^^^^^^^^^^^
.venv_new\Lib\site-packages\_pytest\tmpdir.py:300: in tmp_path
    path = _mk_tmp(request, tmp_path_factory)
           ^^^^^^^^^^^^^^^^^^^^^^^^^^^^^^^^^^
.venv_new\Lib\site-packages\_pytest\tmpdir.py:287: in _mk_tmp
    return factory.mktemp(name, numbered=True)
           ^^^^^^^^^^^^^^^^^^^^^^^^^^^^^^^^^^^
.venv_new\Lib\site-packages\_pytest\tmpdir.py:136: in mktemp
    basename = self._ensure_relative_to_basetemp(basename)
               ^^^^^^^^^^^^^^^^^^^^^^^^^^^^^^^^^^^^^^^^^^^
.venv_new\Lib\site-packages\_pytest\tmpdir.py:117: in _ensure_relative_to_basetemp
    if (self.getbasetemp() / basename).resolve().parent != self.getbasetemp():
        ^^^^^^^^^^^^^^^^^^
.venv_new\Lib\site-packages\_pytest\tmpdir.py:213: in getbasetemp
    basetemp = make_numbered_dir_with_cleanup(
.venv_new\Lib\site-packages\_pytest\pathlib.py:420: in make_numbered_dir_with_cleanup
    raise e
.venv_new\Lib\site-packages\_pytest\pathlib.py:401: in make_numbered_dir_with_cleanup
    p = make_numbered_dir(root, prefix, mode)
        ^^^^^^^^^^^^^^^^^^^^^^^^^^^^^^^^^^^^^
.venv_new\Lib\site-packages\_pytest\pathlib.py:228: in make_numbered_dir
    max_existing = max(map(parse_num, find_suffixes(root, prefix)), default=-1)
                   ^^^^^^^^^^^^^^^^^^^^^^^^^^^^^^^^^^^^^^^^^^^^^^^^^^^^^^^^^^^^
.venv_new\Lib\site-packages\_pytest\pathlib.py:187: in extract_suffixes
    for entry in iter:
                 ^^^^
.venv_new\Lib\site-packages\_pytest\pathlib.py:175: in find_prefixed
    for x in os.scandir(root):
             ^^^^^^^^^^^^^^^^
E   PermissionError: [WinError 5] Access is denied: 'C:\\Users\\Mark\\AppData\\Local\\Temp\\pytest-of-Mark'
_____ ERROR at setup of test_changed_id_restore_regrants_contract_details _____
.venv_new\Lib\site-packages\_pytest\runner.py:361: in from_call
    result: TResult | None = func()
                             ^^^^^^
.venv_new\Lib\site-packages\_pytest\runner.py:250: in <lambda>
    lambda: runtest_hook(item=item, **kwds),
            ^^^^^^^^^^^^^^^^^^^^^^^^^^^^^^^
.venv_new\Lib\site-packages\pluggy\_hooks.py:512: in __call__
    return self._hookexec(self.name, self._hookimpls.copy(), kwargs, firstresult)
           ^^^^^^^^^^^^^^^^^^^^^^^^^^^^^^^^^^^^^^^^^^^^^^^^^^^^^^^^^^^^^^^^^^^^^^
.venv_new\Lib\site-packages\pluggy\_manager.py:120: in _hookexec
    return self._inner_hookexec(hook_name, methods, kwargs, firstresult)
           ^^^^^^^^^^^^^^^^^^^^^^^^^^^^^^^^^^^^^^^^^^^^^^^^^^^^^^^^^^^^^
.venv_new\Lib\site-packages\_pytest\logging.py:858: in pytest_runtest_setup
    yield
.venv_new\Lib\site-packages\_pytest\capture.py:895: in pytest_runtest_setup
    return (yield)
            ^^^^^
.venv_new\Lib\site-packages\_pytest\runner.py:170: in pytest_runtest_setup
    item.session._setupstate.setup(item)
.venv_new\Lib\site-packages\_pytest\runner.py:536: in setup
    col.setup()
.venv_new\Lib\site-packages\_pytest\python.py:1710: in setup
    self._request._fillfixtures()
.venv_new\Lib\site-packages\_pytest\fixtures.py:806: in _fillfixtures
    item.funcargs[argname] = self.getfixturevalue(argname)
                             ^^^^^^^^^^^^^^^^^^^^^^^^^^^^^
.venv_new\Lib\site-packages\_pytest\fixtures.py:630: in getfixturevalue
    fixturedef = self._get_active_fixturedef(argname)
                 ^^^^^^^^^^^^^^^^^^^^^^^^^^^^^^^^^^^^
.venv_new\Lib\site-packages\_pytest\fixtures.py:726: in _get_active_fixturedef
    fixturedef.execute(request=subrequest)
.venv_new\Lib\site-packages\_pytest\fixtures.py:1181: in execute
    fixturedef = request._get_active_fixturedef(argname)
                 ^^^^^^^^^^^^^^^^^^^^^^^^^^^^^^^^^^^^^^^
.venv_new\Lib\site-packages\_pytest\fixtures.py:726: in _get_active_fixturedef
    fixturedef.execute(request=subrequest)
.venv_new\Lib\site-packages\_pytest\fixtures.py:1232: in execute
    result: FixtureValue = ihook.pytest_fixture_setup(
.venv_new\Lib\site-packages\pluggy\_hooks.py:512: in __call__
    return self._hookexec(self.name, self._hookimpls.copy(), kwargs, firstresult)
           ^^^^^^^^^^^^^^^^^^^^^^^^^^^^^^^^^^^^^^^^^^^^^^^^^^^^^^^^^^^^^^^^^^^^^^
.venv_new\Lib\site-packages\pluggy\_manager.py:120: in _hookexec
    return self._inner_hookexec(hook_name, methods, kwargs, firstresult)
           ^^^^^^^^^^^^^^^^^^^^^^^^^^^^^^^^^^^^^^^^^^^^^^^^^^^^^^^^^^^^^
.venv_new\Lib\site-packages\_pytest\setuponly.py:36: in pytest_fixture_setup
    return (yield)
            ^^^^^
.venv_new\Lib\site-packages\_pytest\fixtures.py:1328: in pytest_fixture_setup
    result = call_fixture_func(fixturefunc, request, kwargs)
             ^^^^^^^^^^^^^^^^^^^^^^^^^^^^^^^^^^^^^^^^^^^^^^^
.venv_new\Lib\site-packages\_pytest\fixtures.py:998: in call_fixture_func
    fixture_result = next(generator)
                     ^^^^^^^^^^^^^^^
.venv_new\Lib\site-packages\_pytest\tmpdir.py:300: in tmp_path
    path = _mk_tmp(request, tmp_path_factory)
           ^^^^^^^^^^^^^^^^^^^^^^^^^^^^^^^^^^
.venv_new\Lib\site-packages\_pytest\tmpdir.py:287: in _mk_tmp
    return factory.mktemp(name, numbered=True)
           ^^^^^^^^^^^^^^^^^^^^^^^^^^^^^^^^^^^
.venv_new\Lib\site-packages\_pytest\tmpdir.py:136: in mktemp
    basename = self._ensure_relative_to_basetemp(basename)
               ^^^^^^^^^^^^^^^^^^^^^^^^^^^^^^^^^^^^^^^^^^^
.venv_new\Lib\site-packages\_pytest\tmpdir.py:117: in _ensure_relative_to_basetemp
    if (self.getbasetemp() / basename).resolve().parent != self.getbasetemp():
        ^^^^^^^^^^^^^^^^^^
.venv_new\Lib\site-packages\_pytest\tmpdir.py:213: in getbasetemp
    basetemp = make_numbered_dir_with_cleanup(
.venv_new\Lib\site-packages\_pytest\pathlib.py:420: in make_numbered_dir_with_cleanup
    raise e
.venv_new\Lib\site-packages\_pytest\pathlib.py:401: in make_numbered_dir_with_cleanup
    p = make_numbered_dir(root, prefix, mode)
        ^^^^^^^^^^^^^^^^^^^^^^^^^^^^^^^^^^^^^
.venv_new\Lib\site-packages\_pytest\pathlib.py:228: in make_numbered_dir
    max_existing = max(map(parse_num, find_suffixes(root, prefix)), default=-1)
                   ^^^^^^^^^^^^^^^^^^^^^^^^^^^^^^^^^^^^^^^^^^^^^^^^^^^^^^^^^^^^
.venv_new\Lib\site-packages\_pytest\pathlib.py:187: in extract_suffixes
    for entry in iter:
                 ^^^^
.venv_new\Lib\site-packages\_pytest\pathlib.py:175: in find_prefixed
    for x in os.scandir(root):
             ^^^^^^^^^^^^^^^^
E   PermissionError: [WinError 5] Access is denied: 'C:\\Users\\Mark\\AppData\\Local\\Temp\\pytest-of-Mark'
=========================== short test summary info ===========================
ERROR tests/integration/melder/crystallizer/test_ordered_disposal_replay.py::test_crystal_and_json_preserve_distinct_member_orders[False]
ERROR tests/integration/melder/crystallizer/test_ordered_disposal_replay.py::test_crystal_and_json_preserve_distinct_member_orders[True]
ERROR tests/integration/melder/crystallizer/test_ordered_disposal_replay.py::test_cached_restore_preserves_order_and_actual_cleanup[False-False]
ERROR tests/integration/melder/crystallizer/test_ordered_disposal_replay.py::test_cached_restore_preserves_order_and_actual_cleanup[False-True]
ERROR tests/integration/melder/crystallizer/test_ordered_disposal_replay.py::test_cached_restore_preserves_order_and_actual_cleanup[True-False]
ERROR tests/integration/melder/crystallizer/test_ordered_disposal_replay.py::test_cached_restore_preserves_order_and_actual_cleanup[True-True]
ERROR tests/integration/melder/crystallizer/test_ordered_disposal_replay.py::test_graft_preserves_members_and_receiving_book_order[fresh-False-False]
ERROR tests/integration/melder/crystallizer/test_ordered_disposal_replay.py::test_graft_preserves_members_and_receiving_book_order[fresh-False-True]
ERROR tests/integration/melder/crystallizer/test_ordered_disposal_replay.py::test_graft_preserves_members_and_receiving_book_order[fresh-True-False]
ERROR tests/integration/melder/crystallizer/test_ordered_disposal_replay.py::test_graft_preserves_members_and_receiving_book_order[fresh-True-True]
ERROR tests/integration/melder/crystallizer/test_ordered_disposal_replay.py::test_graft_preserves_members_and_receiving_book_order[merge-False-False]
ERROR tests/integration/melder/crystallizer/test_ordered_disposal_replay.py::test_graft_preserves_members_and_receiving_book_order[merge-False-True]
ERROR tests/integration/melder/crystallizer/test_ordered_disposal_replay.py::test_graft_preserves_members_and_receiving_book_order[merge-True-False]
ERROR tests/integration/melder/crystallizer/test_ordered_disposal_replay.py::test_graft_preserves_members_and_receiving_book_order[merge-True-True]
ERROR tests/integration/melder/crystallizer/test_ordered_disposal_replay.py::test_graft_preserves_members_and_receiving_book_order[merge_adopt-False-False]
ERROR tests/integration/melder/crystallizer/test_ordered_disposal_replay.py::test_graft_preserves_members_and_receiving_book_order[merge_adopt-False-True]
ERROR tests/integration/melder/crystallizer/test_ordered_disposal_replay.py::test_graft_preserves_members_and_receiving_book_order[merge_adopt-True-False]
ERROR tests/integration/melder/crystallizer/test_ordered_disposal_replay.py::test_graft_preserves_members_and_receiving_book_order[merge_adopt-True-True]
ERROR tests/integration/melder/crystallizer/test_ordered_disposal_replay.py::test_restore_changed_ids_preserves_anchor_and_exact_selected_member[False]
ERROR tests/integration/melder/crystallizer/test_ordered_disposal_replay.py::test_restore_changed_ids_preserves_anchor_and_exact_selected_member[True]
ERROR tests/integration/melder/crystallizer/test_ordered_disposal_replay.py::test_merge_does_not_adopt_a_skipped_resident_selection[False]
ERROR tests/integration/melder/crystallizer/test_ordered_disposal_replay.py::test_merge_does_not_adopt_a_skipped_resident_selection[True]
ERROR tests/integration/melder/crystallizer/test_ordered_disposal_replay.py::test_changed_id_restore_regrants_contract_details
393 passed, 23 errors in 6.69s
